at,label,topology,cm,room,goal,active,target,req,house,intent,first,latch,pmin,hp1,hp2,flow,water,heat,odu1_mode,odu2_mode
2026-10-06T17:03:51.180Z,idle-verification,duo,CM0,NA,21,,,0,2160,0,none,False,2162.35,0,0,0,30,True,0,0
2026-10-06T17:05:18.741Z,idle-verification,duo,CM0,NA,21,,,0,2160,0,none,False,2162.35,0,0,0,30,True,0,0
2026-10-06T17:05:48.430Z,initial,duo,CM0,NA,21,,,0,2160,0,none,False,2162.35,0,0,0,30,True,0,0
2026-10-06T17:06:19.354Z,idle-verification,duo,CM0,NA,21,,,0,2160,0,none,False,2162.35,0,0,0,30,True,0,0
2026-10-06T17:06:28.381Z,idle-verification,duo,CM0,NA,21,,,0,2160,0,none,False,2162.35,0,0,0,30,True,0,0
2026-10-06T17:09:39.347Z,precision-check,duo,CM0,NA,18,False,NA,0,0,0,none,False,2527.63,0,0,0,30,False,0,0
2026-10-06T17:10:04.839Z,precise-selected-baseline,duo,CM0,20.06,18,False,18,0,0,0,none,False,2527.63,0,0,0,30,False,0,0
2026-10-06T17:10:12.826Z,selected-after-publish,duo,CM0,20.06,18,False,18,0,0,0,none,False,2527.63,0,0,0,30,False,0,0
2026-10-06T17:10:33.826Z,duo-start-confirmation,duo,CM0,20.06,18,False,18,0,0,0,none,False,2527.63,0,0,0,30,True,0,0
2026-10-06T17:10:39.450Z,duo-start-confirmation,duo,CM0,20.06,22,True,18,0,0,0,none,False,2527.63,0,0,0,30,True,0,0
2026-10-06T17:10:45.089Z,duo-start-confirmation,duo,CM0,20.06,22,True,20.16,0,0,0,none,False,2527.63,0,0,0,30,True,0,0
2026-10-06T17:10:50.720Z,duo-start-confirmation,duo,CM0,20.06,22,True,20.16,0,0,0,none,False,2527.63,0,0,0,30,True,0,0
2026-10-06T17:10:56.351Z,duo-start-confirmation,duo,CM1,20.06,22,True,20.16,0,0,1,room_demand,True,2527.63,0,0,0,30,True,0,0
2026-10-06T17:11:01.991Z,duo-start-confirmation,duo,CM1,20.06,22,True,20.16,0,0,1,room_demand,True,2527.63,0,0,0,30,True,0,0
2026-10-06T17:11:07.622Z,duo-start-confirmation,duo,CM1,20.06,22,True,20.16,0,0,1,room_demand,True,2527.63,0,0,0,30,True,0,0
2026-10-06T17:11:13.243Z,duo-start-confirmation,duo,CM1,20.06,22,True,20.16,0,0,1,room_demand,True,2527.63,0,0,702.666,30,True,0,0
2026-10-06T17:11:18.930Z,duo-start-confirmation,duo,CM1,20.06,22,True,20.16,2527.63,0,1,room_demand,True,2527.63,0,0,702.666,30,True,0,0
2026-10-06T17:11:24.517Z,duo-start-confirmation,duo,CM1,20.06,22,True,20.16,2527.63,0,1,room_demand,True,2527.63,0,0,796.602,30,True,0,0
2026-10-06T17:11:30.144Z,duo-start-confirmation,duo,CM2,20.06,22,True,20.16,2527.63,0,1,room_demand,True,2527.63,0,0,796.602,30,True,0,0
2026-10-06T17:11:35.778Z,duo-start-confirmation,duo,CM2,20.06,22,True,20.16,2527.63,0,0,none,True,2527.63,1,0,797.22,30,True,2,0
2026-10-06T17:11:41.403Z,duo-start-confirmation,duo,CM2,20.06,22,True,20.16,2527.63,0,0,none,True,2527.63,1,0,797.22,30,True,2,0
2026-10-06T17:11:47.043Z,duo-start-confirmation,duo,CM2,20.06,22,True,20.16,2527.63,0,0,none,True,2527.63,1,0,797.22,30,True,2,0
2026-10-06T17:11:52.679Z,duo-start-confirmation,duo,CM2,20.06,22,True,20.16,2527.63,0,0,none,True,2527.63,1,0,797.22,30,True,2,0
2026-10-06T17:11:58.304Z,duo-start-confirmation,duo,CM2,20.06,22,True,20.16,2527.63,0,0,none,True,2527.63,1,0,797.22,30,True,2,0
2026-10-06T17:12:03.932Z,duo-start-confirmation,duo,CM2,20.06,22,True,20.16,2527.63,0,0,none,True,2527.63,1,0,797.22,30,True,2,0
2026-10-06T17:12:09.573Z,duo-start-confirmation,duo,CM2,20.06,22,True,20.16,2527.63,0,0,none,True,2527.63,1,0,797.22,30,True,2,0
2026-10-06T17:12:15.197Z,duo-start-settle,duo,CM2,20.06,22,True,20.16,2527.63,0,0,none,True,2527.63,1,0,797.22,30,True,2,0
2026-10-06T17:12:20.832Z,duo-start-settle,duo,CM2,20.06,22,True,20.16,2527.63,0,0,none,True,2527.63,1,0,797.22,30,True,2,0
2026-10-06T17:12:26.470Z,duo-start-settle,duo,CM2,20.06,22,True,20.16,2527.63,0,0,none,True,2527.63,1,0,797.22,30,True,2,0
2026-10-06T17:12:32.092Z,duo-start-settle,duo,CM2,20.06,22,True,20.16,2527.63,0,0,none,True,2527.63,1,0,797.22,30,True,2,0
2026-10-06T17:12:37.752Z,duo-start-settle,duo,CM2,20.06,22,True,20.16,2527.63,0,0,none,True,2527.63,1,0,797.22,30,True,2,0
2026-10-06T17:12:43.358Z,duo-start-settle,duo,CM2,20.06,22,True,20.16,2527.63,0,0,none,True,2527.63,1,0,797.22,30,True,2,0
2026-10-06T17:12:48.998Z,duo-start-settle,duo,CM2,20.06,22,True,20.16,2527.63,0,0,none,True,2527.63,1,0,797.22,30,True,2,0
2026-10-06T17:12:54.623Z,duo-start-settle,duo,CM2,20.06,22,True,20.16,2527.63,0,0,none,True,2527.63,1,0,797.22,30,True,2,0
2026-10-06T17:13:00.253Z,duo-start-settle,duo,CM2,20.06,22,True,20.16,2527.63,0,0,none,True,2527.63,1,0,797.22,30,True,2,0
2026-10-06T17:13:05.887Z,duo-start-settle,duo,CM2,20.06,22,True,20.16,2527.63,0,0,none,True,2527.63,1,0,797.22,30,True,2,0
2026-10-06T17:13:11.513Z,duo-start-settle,duo,CM2,20.06,22,True,20.16,2527.63,0,0,none,True,2527.63,1,0,797.22,30,True,2,0
2026-10-06T17:13:18.897Z,duo-room-20.10,duo,CM2,20.06,22,True,20.16,2527.63,0,0,none,True,2527.63,1,0,797.22,30,True,2,0
2026-10-06T17:13:24.440Z,duo-room-20.10,duo,CM2,20.1,22,True,20.16,2527.63,0,0,none,True,2527.63,1,0,797.22,30,True,2,0
2026-10-06T17:13:30.052Z,duo-room-20.10,duo,CM2,20.1,22,True,20.16,2527.63,0,0,none,True,2527.63,1,0,797.22,30,True,2,0
2026-10-06T17:13:35.686Z,duo-room-20.10,duo,CM2,20.1,22,True,20.16,2527.63,0,0,none,True,2527.63,1,0,797.22,30,True,2,0
2026-10-06T17:13:41.317Z,duo-room-20.10,duo,CM2,20.1,22,True,20.16,2527.63,0,0,none,True,2527.63,1,0,797.22,30,True,2,0
2026-10-06T17:13:46.945Z,duo-room-20.10,duo,CM2,20.1,22,True,20.16,2527.63,0,0,none,True,2527.63,1,0,797.22,30,True,2,0
2026-10-06T17:13:52.579Z,duo-room-20.10,duo,CM2,20.1,22,True,20.16,2527.63,0,0,none,True,2527.63,1,0,797.22,30,True,2,0
2026-10-06T17:13:59.965Z,duo-old-stop-20.11,duo,CM2,20.11,22,True,20.16,2527.63,0,0,none,True,2527.63,1,0,797.22,30,True,2,0
2026-10-06T17:14:05.580Z,duo-old-stop-20.11,duo,CM2,20.11,22,True,20.16,2527.63,0,0,none,True,2527.63,1,0,797.22,30,True,2,0
2026-10-06T17:14:11.211Z,duo-old-stop-20.11,duo,CM2,20.11,22,True,20.16,2527.63,0,0,none,True,2527.63,1,0,797.22,30,True,2,0
2026-10-06T17:14:16.845Z,duo-old-stop-20.11,duo,CM2,20.11,22,True,20.16,2527.63,0,0,none,True,2527.63,1,0,797.22,30,True,2,0
2026-10-06T17:14:22.481Z,duo-old-stop-20.11,duo,CM2,20.11,22,True,20.16,2527.63,0,0,none,True,2527.63,1,0,797.22,30,True,2,0
2026-10-06T17:14:28.113Z,duo-old-stop-20.11,duo,CM2,20.11,22,True,20.16,2527.63,0,0,none,True,2527.63,1,0,797.22,30,True,2,0
2026-10-06T17:14:33.744Z,duo-old-stop-20.11,duo,CM2,20.11,22,True,20.16,2527.63,0,0,none,True,2527.63,1,0,797.22,30,True,2,0
2026-10-06T17:14:39.378Z,duo-old-stop-20.11,duo,CM2,20.11,22,True,20.16,2527.63,0,0,none,True,2527.63,1,0,797.22,30,True,2,0
2026-10-06T17:14:45.006Z,duo-old-stop-20.11,duo,CM2,20.11,22,True,20.16,2527.63,0,0,none,True,2527.63,1,0,797.22,30,True,2,0
2026-10-06T17:14:50.637Z,duo-old-stop-20.11,duo,CM2,20.11,22,True,20.16,2527.63,0,0,none,True,2527.63,1,0,797.22,30,True,2,0
2026-10-06T17:14:56.269Z,duo-old-stop-20.11,duo,CM2,20.11,22,True,20.16,2527.63,0,0,none,True,2527.63,1,0,797.22,30,True,2,0
2026-10-06T17:15:01.906Z,duo-old-stop-20.11,duo,CM2,20.11,22,True,20.16,2527.63,0,0,none,True,2527.63,1,0,797.22,30,True,2,0
2026-10-06T17:15:07.538Z,duo-old-stop-20.11,duo,CM2,20.11,22,True,20.16,2527.63,0,0,none,True,2527.63,1,0,797.22,30,True,2,0
2026-10-06T17:15:13.171Z,duo-old-stop-20.11,duo,CM2,20.11,22,True,20.16,2527.63,0,0,none,True,2527.63,1,0,797.22,30,True,2,0
2026-10-06T17:15:18.798Z,duo-old-stop-20.11,duo,CM2,20.11,22,True,20.16,2527.63,0,0,none,True,2527.63,1,0,797.22,30,True,2,0
2026-10-06T17:15:24.436Z,duo-old-stop-20.11,duo,CM2,20.11,22,True,20.16,2527.63,0,0,none,True,2527.63,1,0,797.22,30,True,2,0
2026-10-06T17:15:30.060Z,duo-old-stop-20.11,duo,CM2,20.11,22,True,20.16,2527.63,0,0,none,True,2527.63,1,0,797.22,30,True,2,0
2026-10-06T17:15:35.698Z,duo-old-stop-20.11,duo,CM2,20.11,22,True,20.16,2527.63,0,0,none,True,2527.63,1,0,797.22,30,True,2,0
2026-10-06T17:15:41.338Z,duo-old-stop-20.11,duo,CM2,20.11,22,True,20.16,2527.63,0,0,none,True,2527.63,1,0,797.22,30,True,2,0
2026-10-06T17:15:46.964Z,duo-old-stop-20.11,duo,CM2,20.11,22,True,20.16,2527.63,0,0,none,True,2527.63,1,0,797.22,30,True,2,0
2026-10-06T17:15:52.610Z,duo-old-stop-20.11,duo,CM2,20.11,22,True,20.16,2527.63,0,0,none,True,2527.63,1,0,797.22,30,True,2,0
2026-10-06T17:15:58.230Z,duo-old-stop-20.11,duo,CM2,20.11,22,True,20.16,2527.63,0,0,none,True,2527.63,1,0,797.22,30,True,2,0
2026-10-06T17:16:03.859Z,duo-old-stop-20.11,duo,CM2,20.11,22,True,20.16,2527.63,0,0,none,True,2527.63,1,0,797.22,30,True,2,0
2026-10-06T17:16:09.488Z,duo-old-stop-20.11,duo,CM2,20.11,22,True,20.16,2527.63,0,0,none,True,2527.63,1,0,797.22,30,True,2,0
2026-10-06T17:16:15.119Z,duo-old-stop-20.11,duo,CM2,20.11,22,True,20.16,2527.63,0,0,none,True,2527.63,1,0,797.22,30,True,2,0
2026-10-06T17:16:20.750Z,duo-old-stop-20.11,duo,CM2,20.11,22,True,20.16,2527.63,0,0,none,True,2527.63,1,0,797.22,30,True,2,0
2026-10-06T17:16:26.384Z,duo-old-stop-20.11,duo,CM2,20.11,22,True,20.16,2527.63,0,0,none,True,2527.63,1,0,797.22,30,True,2,0
2026-10-06T17:16:32.019Z,duo-old-stop-20.11,duo,CM2,20.11,22,True,20.16,2527.63,0,0,none,True,2527.63,1,0,797.22,30,True,2,0
2026-10-06T17:16:37.650Z,duo-old-stop-20.11,duo,CM2,20.11,22,True,20.16,2527.63,0,0,none,True,2527.63,1,0,797.22,30,True,2,0
2026-10-06T17:16:43.278Z,duo-old-stop-20.11,duo,CM2,20.11,22,True,20.16,2527.63,0,0,none,True,2527.63,1,0,797.22,30,True,2,0
2026-10-06T17:16:48.911Z,duo-old-stop-20.11,duo,CM2,20.11,22,True,20.16,2527.63,0,0,none,True,2527.63,1,0,797.22,30,True,2,0
2026-10-06T17:16:54.749Z,duo-old-stop-20.11,duo,CM2,20.11,22,True,20.16,2527.63,0,0,none,True,2527.63,1,0,797.22,30,True,2,0
2026-10-06T17:17:00.379Z,duo-old-stop-20.11,duo,CM2,20.11,22,True,20.16,2527.63,0,0,none,True,2527.63,1,0,797.22,30,True,2,0
2026-10-06T17:17:06.016Z,duo-old-stop-20.11,duo,CM2,20.11,22,True,20.16,2527.63,0,0,none,True,2527.63,1,0,797.22,30,True,2,0
2026-10-06T17:17:11.644Z,duo-old-stop-20.11,duo,CM2,20.11,22,True,20.16,2527.63,0,0,none,True,2527.63,1,0,797.22,30,True,2,0
2026-10-06T17:17:17.377Z,duo-old-stop-20.11,duo,CM2,20.11,22,True,20.16,2527.63,0,0,none,True,2527.63,1,0,797.22,30,True,2,0
2026-10-06T17:17:23.010Z,duo-old-stop-20.11,duo,CM2,20.11,22,True,20.16,2527.63,0,0,none,True,2527.63,1,0,797.22,30,True,2,0
2026-10-06T17:17:28.643Z,duo-old-stop-20.11,duo,CM2,20.11,22,True,20.16,2527.63,0,0,none,True,2527.63,1,0,797.22,30,True,2,0
2026-10-06T17:17:34.270Z,duo-old-stop-20.11,duo,CM2,20.11,22,True,20.16,2527.63,0,0,none,True,2527.63,1,0,797.22,30,True,2,0
2026-10-06T17:17:39.910Z,duo-old-stop-20.11,duo,CM2,20.11,22,True,20.16,2527.63,0,0,none,True,2527.63,1,0,797.22,30,True,2,0
2026-10-06T17:17:45.536Z,duo-old-stop-20.11,duo,CM2,20.11,22,True,20.16,2527.63,0,0,none,True,2527.63,1,0,797.22,30,True,2,0
2026-10-06T17:17:52.910Z,duo-step-20.17,duo,CM2,20.11,22,True,20.16,2527.63,0,0,none,True,2527.63,1,0,797.22,30,True,2,0
2026-10-06T17:17:58.541Z,duo-step-20.17,duo,CM2,20.11,22,True,20.16,2527.63,0,0,none,True,2527.63,1,0,797.22,30,True,2,0
2026-10-06T17:18:04.176Z,duo-step-20.17,duo,CM2,20.17,22,True,20.27,2527.63,0,0,none,True,2527.63,1,0,797.22,30,True,2,0
2026-10-06T17:18:09.806Z,duo-step-20.17,duo,CM2,20.17,22,True,20.27,2527.63,0,0,none,True,2527.63,1,0,797.22,30,True,2,0
2026-10-06T17:18:15.439Z,duo-step-20.17,duo,CM2,20.17,22,True,20.27,2527.63,0,0,none,True,2527.63,1,0,797.22,30,True,2,0
2026-10-06T17:18:21.070Z,duo-step-20.17,duo,CM2,20.17,22,True,20.27,2527.63,0,0,none,True,2527.63,1,0,797.22,30,True,2,0
2026-10-06T17:18:26.703Z,duo-step-20.17,duo,CM2,20.17,22,True,20.27,2527.63,0,0,none,True,2527.63,1,0,797.22,30,True,2,0
2026-10-06T17:18:34.074Z,duo-step-20.28,duo,CM2,20.17,22,True,20.27,2527.63,0,0,none,True,2527.63,1,0,797.22,30,True,2,0
2026-10-06T17:18:39.709Z,duo-step-20.28,duo,CM2,20.28,22,True,20.27,2527.63,0,0,none,True,2527.63,1,0,797.22,30,True,2,0
2026-10-06T17:18:45.338Z,duo-step-20.28,duo,CM2,20.28,22,True,20.38,2527.63,0,0,none,True,2527.63,1,0,797.22,30,True,2,0
2026-10-06T17:18:50.973Z,duo-step-20.28,duo,CM2,20.28,22,True,20.38,2527.63,0,0,none,True,2527.63,1,0,797.22,30,True,2,0
2026-10-06T17:18:56.607Z,duo-step-20.28,duo,CM2,20.28,22,True,20.38,2527.63,0,0,none,True,2527.63,1,0,797.22,30,True,2,0
2026-10-06T17:19:02.235Z,duo-step-20.28,duo,CM2,20.28,22,True,20.38,2527.63,0,0,none,True,2527.63,1,0,797.22,30,True,2,0
2026-10-06T17:19:07.870Z,duo-step-20.28,duo,CM2,20.28,22,True,20.38,2527.63,0,0,none,True,2527.63,1,0,797.22,30,True,2,0
2026-10-06T17:19:15.241Z,duo-step-20.39,duo,CM2,20.28,22,True,20.38,2527.63,0,0,none,True,2527.63,1,0,797.22,30,True,2,0
2026-10-06T17:19:20.871Z,duo-step-20.39,duo,CM2,20.39,22,True,20.38,2527.63,0,0,none,True,2527.63,1,0,797.22,30,True,2,0
2026-10-06T17:19:26.508Z,duo-step-20.39,duo,CM2,20.39,22,True,20.49,2527.63,0,0,none,True,2527.63,1,0,797.22,30,True,2,0
2026-10-06T17:19:32.135Z,duo-step-20.39,duo,CM2,20.39,22,True,20.49,2527.63,0,0,none,True,2527.63,1,0,797.22,30,True,2,0
2026-10-06T17:19:37.769Z,duo-step-20.39,duo,CM2,20.39,22,True,20.49,2527.63,0,0,none,True,2527.63,1,0,797.22,30,True,2,0
2026-10-06T17:19:43.403Z,duo-step-20.39,duo,CM2,20.39,22,True,20.49,2527.63,0,0,none,True,2527.63,1,0,797.22,30,True,2,0
2026-10-06T17:19:49.050Z,duo-step-20.39,duo,CM2,20.39,22,True,20.49,2527.63,0,0,none,True,2527.63,1,0,797.22,30,True,2,0
2026-10-06T17:19:56.408Z,duo-pre-comfort-21.89,duo,CM2,20.39,22,True,20.49,2527.63,0,0,none,True,2527.63,1,0,797.22,30,True,2,0
2026-10-06T17:20:02.052Z,duo-pre-comfort-21.89,duo,CM2,21.89,22,True,21.99,2527.63,0,0,none,True,2527.63,1,0,797.22,30,True,2,0
2026-10-06T17:20:07.669Z,duo-pre-comfort-21.89,duo,CM2,21.89,22,True,21.99,2527.63,0,0,none,True,2527.63,1,0,797.22,30,True,2,0
2026-10-06T17:20:13.301Z,duo-pre-comfort-21.89,duo,CM2,21.89,22,True,21.99,2527.63,0,0,none,True,2527.63,1,0,797.22,30,True,2,0
2026-10-06T17:20:18.934Z,duo-pre-comfort-21.89,duo,CM2,21.89,22,True,21.99,2527.63,0,0,none,True,2527.63,1,0,797.22,30,True,2,0
2026-10-06T17:20:24.591Z,duo-pre-comfort-21.89,duo,CM2,21.89,22,True,21.99,2527.63,0,0,none,True,2527.63,1,0,797.22,30,True,2,0
2026-10-06T17:20:30.198Z,duo-pre-comfort-21.89,duo,CM2,21.89,22,True,21.99,2527.63,0,0,none,True,2527.63,1,0,797.22,30,True,2,0
2026-10-06T17:20:37.571Z,duo-real-comfort-21.90,duo,CM2,21.89,22,True,21.99,2527.63,0,0,none,True,2527.63,1,0,797.22,30,True,2,0
2026-10-06T17:20:43.204Z,duo-real-comfort-21.90,duo,CM2,21.9,22,False,22,2527.63,0,0,none,True,2527.63,1,0,797.22,30,True,2,0
2026-10-06T17:20:48.836Z,duo-real-comfort-21.90,duo,CM1,21.9,22,False,22,1357.513,0,0,none,False,2527.63,1,0,797.22,30,True,2,0
2026-10-06T17:20:54.374Z,duo-real-comfort-21.90,duo,CM1,21.9,22,False,22,1357.513,0,0,none,False,2527.63,0,0,797.22,30,True,0,0
2026-10-06T17:20:59.998Z,duo-real-comfort-21.90,duo,CM1,21.9,22,False,22,1357.513,0,1,room_demand,True,2527.63,0,0,797.22,30,True,0,0
2026-10-06T17:21:05.630Z,duo-real-comfort-21.90,duo,CM1,21.9,22,False,22,1357.513,0,1,room_demand,True,2527.63,0,0,797.22,30,True,0,0
2026-10-06T17:21:11.261Z,duo-real-comfort-21.90,duo,CM1,21.9,22,False,22,1357.513,0,1,room_demand,True,2527.63,0,0,797.22,30,True,0,0
2026-10-06T17:21:16.892Z,duo-real-comfort-21.90,duo,CM0,21.9,22,False,22,1357.513,0,1,room_demand,True,2527.63,0,0,797.22,30,True,0,0
2026-10-06T17:21:22.527Z,duo-real-comfort-21.90,duo,CM1,21.9,22,False,22,2527.63,0,1,room_demand,True,2527.63,0,0,0,30,True,0,0
2026-10-06T17:21:28.154Z,duo-real-comfort-21.90,duo,CM1,21.9,22,False,22,2527.63,0,1,room_demand,True,2527.63,0,0,0,30,True,0,0
2026-10-06T17:21:33.790Z,duo-real-comfort-21.90,duo,CM1,21.9,22,False,22,2527.63,0,1,room_demand,True,2527.63,0,0,726.15,30,True,0,0
2026-10-06T17:21:39.424Z,duo-real-comfort-21.90,duo,CM1,21.9,22,False,22,2527.63,0,1,room_demand,True,2527.63,0,0,726.15,30,True,0,0
2026-10-06T17:21:45.056Z,duo-real-comfort-21.90,duo,CM1,21.9,22,False,22,2527.63,0,1,room_demand,True,2527.63,0,0,822.558,30,True,0,0
2026-10-06T17:21:50.689Z,duo-real-comfort-21.90,duo,CM1,21.9,22,False,22,2527.63,0,1,room_demand,True,2527.63,0,0,822.558,30,True,0,0
2026-10-06T17:21:56.319Z,duo-real-comfort-21.90,duo,CM2,21.9,22,False,22,2527.63,0,1,room_demand,True,2527.63,0,1,823.176,30,True,0,0
2026-10-06T17:22:01.952Z,duo-real-comfort-21.90,duo,CM2,21.9,22,False,22,2527.63,0,0,none,True,2527.63,0,1,821.322,30,True,0,2
2026-10-06T17:22:07.581Z,duo-real-comfort-21.90,duo,CM2,21.9,22,False,22,2527.63,0,0,none,True,2527.63,0,1,821.322,30.96,True,0,2
2026-10-06T17:22:13.213Z,duo-real-comfort-21.90,duo,CM2,21.9,22,False,22,2527.63,0,0,none,True,2527.63,0,1,820.704,30.96,True,0,2
2026-10-06T17:22:20.585Z,duo-above-comfort-21.91,duo,CM2,21.91,22,False,22,2527.63,0,0,none,True,2527.63,0,1,820.704,32.07,True,0,2
2026-10-06T17:22:26.216Z,duo-above-comfort-21.91,duo,CM2,21.91,22,False,22,2527.63,0,0,none,True,2527.63,0,1,819.468,32.17,True,0,2
2026-10-06T17:22:31.854Z,duo-above-comfort-21.91,duo,CM2,21.91,22,False,22,2527.63,0,0,none,True,2527.63,0,1,818.85,32.17,True,0,2
2026-10-06T17:22:37.484Z,duo-above-comfort-21.91,duo,CM2,21.91,22,False,22,2527.63,0,0,none,True,2527.63,0,1,818.85,32.18,True,0,2
2026-10-06T17:22:43.117Z,duo-above-comfort-21.91,duo,CM2,21.91,22,False,22,2527.63,0,0,none,True,2527.63,0,1,816.378,32.18,True,0,2
2026-10-06T17:22:48.744Z,duo-above-comfort-21.91,duo,CM2,21.91,22,False,22,2527.63,0,0,none,True,2527.63,0,1,816.378,32.18,True,0,2
2026-10-06T17:22:54.387Z,duo-above-comfort-21.91,duo,CM2,21.91,22,False,22,2527.63,0,0,none,True,2527.63,0,1,814.524,32.18,True,0,2
2026-10-06T17:23:00.138Z,duo-above-comfort-21.91,duo,CM2,21.91,22,False,22,2527.63,0,0,none,True,2527.63,0,1,814.524,32.19,True,0,2
2026-10-06T17:23:05.745Z,duo-above-comfort-21.91,duo,CM2,21.91,22,False,22,2527.63,0,0,none,True,2527.63,0,1,812.0519,32.19,True,0,2
2026-10-06T17:23:11.378Z,duo-above-comfort-21.91,duo,CM2,21.91,22,False,22,2527.63,0,0,none,True,2527.63,0,1,810.1979,32.19,True,0,2
2026-10-06T17:23:17.011Z,duo-above-comfort-21.91,duo,CM2,21.91,22,False,22,2527.63,0,0,none,True,2527.63,0,1,810.1979,32.2,True,0,2
2026-10-06T17:23:22.646Z,duo-above-comfort-21.91,duo,CM2,21.91,22,False,22,2527.63,0,0,none,True,2527.63,0,1,808.3439,32.2,True,0,2
2026-10-06T17:23:30.016Z,duo-normal-recovery-released,duo,CM2,21.96,22,False,22,2527.63,0,0,none,True,2527.63,0,1,808.3439,32.2,True,0,2
2026-10-06T17:23:35.643Z,duo-normal-recovery-released,duo,CM1,21.96,22,False,22,2527.63,0,0,none,False,2527.63,0,1,807.726,32.2,True,0,2
2026-10-06T17:23:41.278Z,duo-normal-recovery-released,duo,CM1,21.96,22,False,22,2527.63,0,0,none,False,2527.63,0,1,806.49,32.21,True,0,2
2026-10-06T17:23:46.921Z,duo-normal-recovery-released,duo,CM1,21.96,22,False,22,2527.63,0,0,none,False,2527.63,0,1,806.49,32.21,True,0,2
2026-10-06T17:23:52.544Z,duo-normal-recovery-released,duo,CM1,21.96,22,False,22,187.6299,0,0,none,False,2527.63,0,1,805.8719,32.21,True,0,2
2026-10-06T17:23:58.180Z,duo-normal-recovery-released,duo,CM1,21.96,22,False,22,187.6299,0,0,none,False,2527.63,0,1,805.8719,32.21,True,0,2
2026-10-06T17:24:03.808Z,duo-normal-recovery-released,duo,CM1,21.96,22,False,22,187.6299,0,0,none,False,2527.63,0,1,805.8719,32.21,True,0,2
2026-10-06T17:24:09.467Z,duo-normal-recovery-released,duo,CM1,21.96,22,False,22,187.6299,0,0,none,False,2527.63,0,1,805.8719,32.21,True,0,2
2026-10-06T17:24:15.082Z,duo-normal-recovery-released,duo,CM1,21.96,22,False,22,187.6299,0,0,none,False,2527.63,0,1,805.8719,32.21,True,0,2
2026-10-06T17:24:20.724Z,duo-normal-recovery-released,duo,CM1,21.96,22,False,22,0,0,0,none,False,2527.63,0,1,805.8719,32.21,True,0,2
2026-10-06T17:24:26.332Z,duo-normal-recovery-released,duo,CM1,21.96,22,False,22,0,0,0,none,False,2527.63,0,1,805.8719,32.21,True,0,2
2026-10-06T17:24:31.967Z,duo-normal-recovery-released,duo,CM1,21.96,22,False,22,0,0,0,none,False,2527.63,0,1,805.8719,32.21,True,0,2
2026-10-06T17:24:41.084Z,idle-verification,duo,CM1,21.96,22,False,22,0,0,0,none,False,2527.63,0,1,805.8719,32.21,False,0,2
2026-10-06T17:24:46.711Z,idle-verification,duo,CM1,21.96,22,False,22,0,0,0,none,False,2527.63,0,1,805.8719,32.21,False,0,2
2026-10-06T17:24:52.347Z,idle-verification,duo,CM1,21.96,22,False,22,0,0,0,none,False,2527.63,0,1,805.8719,32.21,False,0,2
2026-10-06T17:24:57.978Z,idle-verification,duo,CM1,21.96,22,False,22,0,0,0,none,False,2527.63,0,1,805.8719,32.21,False,0,2
2026-10-06T17:25:03.608Z,idle-verification,duo,CM1,21.96,22,False,22,0,0,0,none,False,2527.63,0,1,805.8719,32.21,False,0,2
2026-10-06T17:25:09.241Z,idle-verification,duo,CM1,21.96,22,False,22,0,0,0,none,False,2527.63,0,1,805.8719,32.21,False,0,2
2026-10-06T17:25:15.005Z,idle-verification,duo,CM1,21.96,22,False,22,0,0,0,none,False,2527.63,0,1,805.8719,32.21,False,0,2
2026-10-06T17:25:20.605Z,idle-verification,duo,CM1,21.96,22,False,22,0,0,0,none,False,2527.63,0,1,805.8719,32.21,False,0,2
2026-10-06T17:25:26.239Z,idle-verification,duo,CM1,21.96,22,False,22,0,0,0,none,False,2527.63,0,1,805.8719,32.21,False,0,2
2026-10-06T17:25:31.869Z,idle-verification,duo,CM1,21.96,22,False,22,0,0,0,none,False,2527.63,0,1,805.8719,32.21,False,0,2
2026-10-06T17:25:37.504Z,idle-verification,duo,CM1,21.96,22,False,22,0,0,0,none,False,2527.63,0,1,805.8719,32.21,False,0,2
2026-10-06T17:25:43.142Z,idle-verification,duo,CM1,21.96,22,False,22,0,0,0,none,False,2527.63,0,1,805.8719,32.21,False,0,2
2026-10-06T17:25:48.769Z,idle-verification,duo,CM1,21.96,22,False,22,0,0,0,none,False,2527.63,0,1,805.8719,32.21,False,0,2
2026-10-06T17:25:54.407Z,idle-verification,duo,CM1,21.96,22,False,22,0,0,0,none,False,2527.63,0,1,805.8719,32.21,False,0,2
2026-10-06T17:26:00.042Z,idle-verification,duo,CM1,21.96,22,False,22,0,0,0,none,False,2527.63,0,1,805.8719,32.21,False,0,2
2026-10-06T17:26:05.664Z,idle-verification,duo,CM1,21.96,22,False,22,0,0,0,none,False,2527.63,0,1,805.8719,32.21,False,0,2
2026-10-06T17:26:11.305Z,idle-verification,duo,CM1,21.96,22,False,22,0,0,0,none,False,2527.63,0,1,805.8719,32.21,False,0,2
2026-10-06T17:26:16.925Z,idle-verification,duo,CM1,21.96,22,False,22,0,0,0,none,False,2527.63,0,1,805.8719,32.21,False,0,2
2026-10-06T17:26:22.557Z,idle-verification,duo,CM1,21.96,22,False,22,0,0,0,none,False,2527.63,0,1,805.8719,32.21,False,0,2
2026-10-06T17:26:28.187Z,idle-verification,duo,CM1,21.96,22,False,22,0,0,0,none,False,2527.63,0,1,805.8719,32.21,False,0,2
2026-10-06T17:26:33.851Z,idle-verification,duo,CM1,21.96,22,False,22,0,0,0,none,False,2527.63,0,1,805.8719,32.21,False,0,2
2026-10-06T17:26:39.456Z,idle-verification,duo,CM1,21.96,22,False,22,0,0,0,none,False,2527.63,0,1,805.8719,32.21,False,0,2
2026-10-06T17:26:45.091Z,idle-verification,duo,CM1,21.96,22,False,22,0,0,0,none,False,2527.63,0,1,805.8719,32.21,False,0,2
2026-10-06T17:26:50.718Z,idle-verification,duo,CM1,21.96,22,False,22,0,0,0,none,False,2527.63,0,1,805.8719,32.21,False,0,2
2026-10-06T17:26:56.351Z,idle-verification,duo,CM1,21.96,22,False,22,0,0,0,none,False,2527.63,0,1,805.8719,32.21,False,0,2
2026-10-06T17:27:01.983Z,idle-verification,duo,CM1,21.96,22,False,22,0,0,0,none,False,2527.63,0,1,805.8719,32.21,False,0,2
2026-10-06T17:27:07.614Z,idle-verification,duo,CM1,21.96,22,False,22,0,0,0,none,False,2527.63,0,1,805.8719,32.21,False,0,2
2026-10-06T17:27:13.252Z,idle-verification,duo,CM1,21.96,22,False,22,0,0,0,none,False,2527.63,0,1,805.8719,32.21,False,0,2
2026-10-06T17:27:18.878Z,idle-verification,duo,CM1,21.96,22,False,22,0,0,0,none,False,2527.63,0,1,805.8719,32.21,False,0,2
2026-10-06T17:27:24.414Z,idle-verification,duo,CM1,21.96,22,False,22,0,0,0,none,False,2527.63,0,1,805.8719,32.21,False,0,2
2026-10-06T17:27:30.040Z,idle-verification,duo,CM1,21.96,22,False,22,0,0,0,none,False,2527.63,0,1,805.8719,32.21,False,0,2
2026-10-06T17:27:35.679Z,idle-verification,duo,CM1,21.96,22,False,22,0,0,0,none,False,2527.63,0,1,805.8719,32.21,False,0,2
2026-10-06T17:27:41.311Z,idle-verification,duo,CM1,21.96,22,False,22,0,0,0,none,False,2527.63,0,1,805.8719,32.21,False,0,2
2026-10-06T17:27:46.935Z,idle-verification,duo,CM1,21.96,22,False,22,0,0,0,none,False,2527.63,0,1,805.8719,32.21,False,0,2
2026-10-06T17:27:52.569Z,idle-verification,duo,CM1,21.96,22,False,22,0,0,0,none,False,2527.63,0,1,805.8719,32.21,False,0,2
2026-10-06T17:27:58.211Z,idle-verification,duo,CM1,21.96,22,False,22,0,0,0,none,False,2527.63,0,0,805.8719,32.21,False,0,0
2026-10-06T17:28:03.830Z,idle-verification,duo,CM0,21.96,22,False,22,0,0,0,none,False,2527.63,0,0,805.8719,32.21,False,0,0
2026-10-06T17:28:34.451Z,idle-verification,duo,CM0,21.96,22,False,22,0,0,0,none,False,2527.63,0,0,0,30.01,False,0,0
2026-10-06T17:28:51.551Z,idle-verification,duo,CM0,21.96,22,False,22,0,0,0,none,False,2527.63,0,0,0,30,False,0,0
2026-10-06T17:32:07.853Z,single-start-confirmation,single,CM0,20.06,18,False,18,0,0,0,none,False,NA,0,NA,0,30,True,0,0
2026-10-06T17:32:13.486Z,single-start-confirmation,single,CM0,20.06,22,False,18,0,0,0,none,False,NA,0,NA,0,30,True,0,0
2026-10-06T17:32:19.118Z,single-start-confirmation,single,CM0,20.06,22,True,20.16,0,0,0,none,False,NA,0,NA,0,30,True,0,0
2026-10-06T17:32:24.754Z,single-start-confirmation,single,CM0,20.06,22,True,20.16,0,0,0,none,False,NA,0,NA,0,30,True,0,0
2026-10-06T17:32:30.381Z,single-start-confirmation,single,CM0,20.06,22,True,20.16,0,0,1,room_demand,False,NA,0,NA,0,30,True,0,0
2026-10-06T17:32:36.019Z,single-start-confirmation,single,CM0,20.06,22,True,20.16,0,0,1,room_demand,False,NA,0,NA,0,30,True,0,0
2026-10-06T17:32:41.648Z,single-start-confirmation,single,CM0,20.06,22,True,20.16,0,0,1,room_demand,False,NA,0,NA,0,30,True,0,0
2026-10-06T17:32:47.283Z,single-start-confirmation,single,CM0,20.06,22,True,20.16,0,0,1,room_demand,False,NA,0,NA,0,30,True,0,0
2026-10-06T17:32:52.908Z,single-start-confirmation,single,CM0,20.06,22,True,20.16,0,0,1,room_demand,False,NA,0,NA,0,30,True,0,0
2026-10-06T17:32:58.548Z,single-start-confirmation,single,CM0,20.06,22,True,20.16,0,0,1,room_demand,False,NA,0,NA,0,30,True,0,0
2026-10-06T17:33:04.176Z,single-start-confirmation,single,CM0,20.06,22,True,20.16,0,0,1,room_demand,False,NA,0,NA,0,30,True,0,0
2026-10-06T17:33:09.811Z,single-start-confirmation,single,CM0,20.06,22,True,20.16,0,0,1,room_demand,False,NA,0,NA,0,30,True,0,0
2026-10-06T17:33:15.439Z,single-start-confirmation,single,CM0,20.06,22,True,20.16,0,0,1,room_demand,False,NA,0,NA,0,30,True,0,0
2026-10-06T17:33:21.069Z,single-start-confirmation,single,CM0,20.06,22,True,20.16,0,0,1,room_demand,False,NA,0,NA,0,30,True,0,0
2026-10-06T17:33:26.706Z,single-start-confirmation,single,CM0,20.06,22,True,20.16,0,0,1,room_demand,False,NA,0,NA,0,30,True,0,0
2026-10-06T17:33:32.334Z,single-start-confirmation,single,CM0,20.06,22,True,20.16,0,0,1,room_demand,False,NA,0,NA,0,30,True,0,0
2026-10-06T17:33:37.962Z,single-start-confirmation,single,CM0,20.06,22,True,20.16,0,0,1,room_demand,False,NA,0,NA,0,30,True,0,0
2026-10-06T17:33:43.600Z,single-start-confirmation,single,CM1,20.06,22,True,20.16,2527.63,0,1,room_demand,True,2527.63,0,NA,0,30,True,0,0
2026-10-06T17:33:49.231Z,single-start-confirmation,single,CM1,20.06,22,True,20.16,2527.63,0,1,room_demand,True,2527.63,0,NA,0,30,True,0,0
2026-10-06T17:33:54.861Z,single-start-confirmation,single,CM1,20.06,22,True,20.16,2527.63,0,1,room_demand,True,2527.63,0,NA,0,30,True,0,0
2026-10-06T17:34:00.400Z,single-start-confirmation,single,CM1,20.06,22,True,20.16,2527.63,0,1,room_demand,True,2527.63,0,NA,656.316,30,True,0,0
2026-10-06T17:34:06.027Z,single-start-confirmation,single,CM1,20.06,22,True,20.16,2527.63,0,1,room_demand,True,2527.63,0,NA,796.602,30,True,0,0
2026-10-06T17:34:11.660Z,single-start-confirmation,single,CM2,20.06,22,True,20.16,2527.63,0,1,room_demand,True,2527.63,0,NA,796.602,30,True,0,0
2026-10-06T17:34:17.817Z,single-start-confirmation,single,CM2,20.06,22,True,20.16,2527.63,0,1,room_demand,True,2527.63,0,NA,797.22,30,True,0,0
2026-10-06T17:34:23.439Z,single-start-confirmation,single,CM2,20.06,22,True,20.16,2527.63,0,0,none,True,2527.63,1,NA,797.22,30,True,2,0
2026-10-06T17:34:29.065Z,single-start-confirmation,single,CM2,20.06,22,True,20.16,2527.63,0,0,none,True,2527.63,1,NA,797.22,30.99,True,2,0
2026-10-06T17:34:34.697Z,single-start-confirmation,single,CM2,20.06,22,True,20.16,2527.63,0,0,none,True,2527.63,1,NA,797.22,32.14,True,2,0
2026-10-06T17:34:40.328Z,single-start-confirmation,single,CM2,20.06,22,True,20.16,2527.63,0,0,none,True,2527.63,1,NA,797.22,32.14,True,2,0
2026-10-06T17:34:45.960Z,single-start-confirmation,single,CM2,20.06,22,True,20.16,2527.63,0,0,none,True,2527.63,1,NA,797.22,32.23,True,2,0
2026-10-06T17:34:51.605Z,single-start-confirmation,single,CM2,20.06,22,True,20.16,2527.63,0,0,none,True,2527.63,1,NA,797.22,32.23,True,2,0
2026-10-06T17:34:57.232Z,single-start-confirmation,single,CM2,20.06,22,True,20.16,2527.63,0,0,none,True,2527.63,1,NA,797.22,32.24,True,2,0
2026-10-06T17:35:02.862Z,single-start-confirmation,single,CM2,20.06,22,True,20.16,2527.63,0,0,none,True,2527.63,1,NA,797.22,32.24,True,2,0
2026-10-06T17:35:08.495Z,single-start-settle,single,CM2,20.06,22,True,20.16,2527.63,0,0,none,True,2527.63,1,NA,797.22,32.24,True,2,0
2026-10-06T17:35:14.119Z,single-start-settle,single,CM2,20.06,22,True,20.16,2527.63,0,0,none,True,2527.63,1,NA,797.22,32.24,True,2,0
2026-10-06T17:35:19.767Z,single-start-settle,single,CM2,20.06,22,True,20.16,2527.63,0,0,none,True,2527.63,1,NA,797.22,32.24,True,2,0
2026-10-06T17:35:25.386Z,single-start-settle,single,CM2,20.06,22,True,20.16,2527.63,0,0,none,True,2527.63,1,NA,797.22,32.24,True,2,0
2026-10-06T17:35:31.017Z,single-start-settle,single,CM2,20.06,22,True,20.16,2527.63,0,0,none,True,2527.63,1,NA,797.22,32.24,True,2,0
2026-10-06T17:35:36.656Z,single-start-settle,single,CM2,20.06,22,True,20.16,2527.63,0,0,none,True,2527.63,1,NA,797.22,32.24,True,2,0
2026-10-06T17:35:42.184Z,single-start-settle,single,CM2,20.06,22,True,20.16,2527.63,0,0,none,True,2527.63,1,NA,797.22,32.24,True,2,0
2026-10-06T17:35:47.817Z,single-start-settle,single,CM2,20.06,22,True,20.16,2527.63,0,0,none,True,2527.63,1,NA,797.22,32.24,True,2,0
2026-10-06T17:35:53.447Z,single-start-settle,single,CM2,20.06,22,True,20.16,2527.63,0,0,none,True,2527.63,1,NA,797.22,32.24,True,2,0
2026-10-06T17:35:59.080Z,single-start-settle,single,CM2,20.06,22,True,20.16,2527.63,0,0,none,True,2527.63,1,NA,797.22,32.24,True,2,0
2026-10-06T17:36:06.449Z,single-room-20.10,single,CM2,20.06,22,True,20.16,2527.63,0,0,none,True,2527.63,1,NA,797.22,32.24,True,2,0
2026-10-06T17:36:12.086Z,single-room-20.10,single,CM2,20.1,22,True,20.16,2527.63,0,0,none,True,2527.63,1,NA,797.22,32.24,True,2,0
2026-10-06T17:36:17.715Z,single-room-20.10,single,CM2,20.1,22,True,20.16,2527.63,0,0,none,True,2527.63,1,NA,797.22,32.24,True,2,0
2026-10-06T17:36:23.343Z,single-room-20.10,single,CM2,20.1,22,True,20.16,2527.63,0,0,none,True,2527.63,1,NA,797.22,32.24,True,2,0
2026-10-06T17:36:28.973Z,single-room-20.10,single,CM2,20.1,22,True,20.16,2527.63,0,0,none,True,2527.63,1,NA,797.22,32.24,True,2,0
2026-10-06T17:36:34.607Z,single-room-20.10,single,CM2,20.1,22,True,20.16,2527.63,0,0,none,True,2527.63,1,NA,797.22,32.24,True,2,0
2026-10-06T17:36:40.239Z,single-room-20.10,single,CM2,20.1,22,True,20.16,2527.63,0,0,none,True,2527.63,1,NA,797.22,32.24,True,2,0
2026-10-06T17:36:50.175Z,single-old-stop-20.11,single,CM2,20.11,22,True,20.16,2527.63,0,0,none,True,2527.63,1,NA,797.22,32.24,True,2,0
2026-10-06T17:36:55.811Z,single-old-stop-20.11,single,CM2,20.11,22,True,20.16,2527.63,0,0,none,True,2527.63,1,NA,797.22,32.24,True,2,0
2026-10-06T17:37:01.436Z,single-old-stop-20.11,single,CM2,20.11,22,True,20.16,2527.63,0,0,none,True,2527.63,1,NA,797.22,32.24,True,2,0
2026-10-06T17:37:07.070Z,single-old-stop-20.11,single,CM2,20.11,22,True,20.16,2527.63,0,0,none,True,2527.63,1,NA,797.22,32.24,True,2,0
2026-10-06T17:37:12.701Z,single-old-stop-20.11,single,CM2,20.11,22,True,20.16,2527.63,0,0,none,True,2527.63,1,NA,797.22,32.24,True,2,0
2026-10-06T17:37:18.339Z,single-old-stop-20.11,single,CM2,20.11,22,True,20.16,2527.63,0,0,none,True,2527.63,1,NA,797.22,32.24,True,2,0
2026-10-06T17:37:23.966Z,single-old-stop-20.11,single,CM2,20.11,22,True,20.16,2527.63,0,0,none,True,2527.63,1,NA,797.22,32.24,True,2,0
2026-10-06T17:37:31.847Z,single-step-20.17,single,CM2,20.17,22,True,20.16,2527.63,0,0,none,True,2527.63,1,NA,797.22,32.24,True,2,0
2026-10-06T17:37:37.483Z,single-step-20.17,single,CM2,20.17,22,True,20.27,2527.63,0,0,none,True,2527.63,1,NA,797.22,32.24,True,2,0
2026-10-06T17:37:43.114Z,single-step-20.17,single,CM2,20.17,22,True,20.27,2527.63,0,0,none,True,2527.63,1,NA,797.22,32.24,True,2,0
2026-10-06T17:37:48.738Z,single-step-20.17,single,CM2,20.17,22,True,20.27,2527.63,0,0,none,True,2527.63,1,NA,797.22,32.24,True,2,0
2026-10-06T17:37:54.379Z,single-step-20.17,single,CM2,20.17,22,True,20.27,2527.63,0,0,none,True,2527.63,1,NA,797.22,32.24,True,2,0
2026-10-06T17:38:00.003Z,single-step-20.17,single,CM2,20.17,22,True,20.27,2527.63,0,0,none,True,2527.63,1,NA,797.22,32.24,True,2,0
2026-10-06T17:38:05.639Z,single-step-20.17,single,CM2,20.17,22,True,20.27,2527.63,0,0,none,True,2527.63,1,NA,797.22,32.24,True,2,0
2026-10-06T17:38:20.685Z,single-step-20.28,single,CM2,20.28,22,True,20.27,2527.63,0,0,none,True,2527.63,1,NA,797.22,32.24,True,2,0
2026-10-06T17:38:26.324Z,single-step-20.28,single,CM2,20.28,22,True,20.38,2527.63,0,0,none,True,2527.63,1,NA,797.22,32.24,True,2,0
2026-10-06T17:38:31.948Z,single-step-20.28,single,CM2,20.28,22,True,20.38,2527.63,0,0,none,True,2527.63,1,NA,797.22,32.24,True,2,0
2026-10-06T17:38:37.582Z,single-step-20.28,single,CM2,20.28,22,True,20.38,2527.63,0,0,none,True,2527.63,1,NA,797.22,32.24,True,2,0
2026-10-06T17:38:43.215Z,single-step-20.28,single,CM2,20.28,22,True,20.38,2527.63,0,0,none,True,2527.63,1,NA,797.22,32.24,True,2,0
2026-10-06T17:38:48.844Z,single-step-20.28,single,CM2,20.28,22,True,20.38,2527.63,0,0,none,True,2527.63,1,NA,797.22,32.24,True,2,0
2026-10-06T17:38:54.480Z,single-step-20.28,single,CM2,20.28,22,True,20.38,2527.63,0,0,none,True,2527.63,1,NA,797.22,32.24,True,2,0
2026-10-06T17:39:10.554Z,single-step-20.39,single,CM2,20.39,22,True,20.38,2527.63,0,0,none,True,2527.63,1,NA,797.22,32.24,True,2,0
2026-10-06T17:39:16.187Z,single-step-20.39,single,CM2,20.39,22,True,20.49,2527.63,0,0,none,True,2527.63,1,NA,797.22,32.24,True,2,0
2026-10-06T17:39:21.818Z,single-step-20.39,single,CM2,20.39,22,True,20.49,2527.63,0,0,none,True,2527.63,1,NA,797.22,32.24,True,2,0
2026-10-06T17:39:27.452Z,single-step-20.39,single,CM2,20.39,22,True,20.49,2527.63,0,0,none,True,2527.63,1,NA,797.22,32.24,True,2,0
2026-10-06T17:39:33.087Z,single-step-20.39,single,CM2,20.39,22,True,20.49,2527.63,0,0,none,True,2527.63,1,NA,797.22,32.24,True,2,0
2026-10-06T17:39:38.721Z,single-step-20.39,single,CM2,20.39,22,True,20.49,2527.63,0,0,none,True,2527.63,1,NA,797.22,32.24,True,2,0
2026-10-06T17:39:44.347Z,single-step-20.39,single,CM2,20.39,22,True,20.49,2527.63,0,0,none,True,2527.63,1,NA,797.22,32.24,True,2,0
2026-10-06T17:39:55.200Z,single-running-hp-timeout-5min,single,CM2,20.39,22,False,22,2527.63,0,0,none,True,2527.63,1,NA,797.22,32.24,True,2,0
2026-10-06T17:40:00.843Z,single-running-hp-timeout-5min,single,CM1,20.39,22,False,22,2527.63,0,0,none,False,2527.63,1,NA,797.22,32.24,True,2,0
2026-10-06T17:40:06.466Z,single-running-hp-timeout-5min,single,CM1,20.39,24,True,20.49,2527.63,0,0,none,False,2527.63,1,NA,797.22,32.24,True,2,0
2026-10-06T17:40:12.105Z,single-running-hp-timeout-5min,single,CM1,20.39,24,True,20.49,2527.63,0,0,none,True,2527.63,1,NA,797.22,32.24,True,2,0
2026-10-06T17:40:17.730Z,single-running-hp-timeout-5min,single,CM1,20.39,24,True,20.49,2527.63,0,0,none,True,2527.63,1,NA,797.22,32.24,True,2,0
2026-10-06T17:40:23.368Z,single-running-hp-timeout-5min,single,CM1,20.39,24,True,20.49,2527.63,0,0,none,True,2527.63,1,NA,797.22,32.24,True,2,0
2026-10-06T17:40:28.996Z,single-running-hp-timeout-5min,single,CM1,20.39,24,True,20.49,2527.63,0,0,none,True,2527.63,1,NA,797.22,32.24,True,2,0
2026-10-06T17:40:34.627Z,single-running-hp-timeout-5min,single,CM1,20.39,24,True,20.49,2527.63,0,0,none,True,2527.63,1,NA,797.22,32.24,True,2,0
2026-10-06T17:40:40.260Z,single-running-hp-timeout-5min,single,CM1,20.39,24,True,20.49,2527.63,0,0,none,True,2527.63,1,NA,797.22,32.24,True,2,0
2026-10-06T17:40:45.900Z,single-running-hp-timeout-5min,single,CM1,20.39,24,True,20.49,2527.63,0,0,none,True,2527.63,1,NA,797.22,32.24,True,2,0
2026-10-06T17:40:51.524Z,single-running-hp-timeout-5min,single,CM1,20.39,24,True,20.49,2527.63,0,0,none,True,2527.63,1,NA,797.22,32.24,True,2,0
2026-10-06T17:40:57.154Z,single-running-hp-timeout-5min,single,CM1,20.39,24,True,20.49,2527.63,0,0,none,True,2527.63,1,NA,797.22,32.24,True,2,0
2026-10-06T17:41:02.787Z,single-running-hp-timeout-5min,single,CM1,20.39,24,True,20.49,2527.63,0,0,none,True,2527.63,1,NA,797.22,32.24,True,2,0
2026-10-06T17:41:08.419Z,single-running-hp-timeout-5min,single,CM2,20.39,24,True,20.49,2527.63,0,0,none,True,2527.63,1,NA,797.22,32.24,True,2,0
2026-10-06T17:41:14.053Z,single-running-hp-timeout-5min,single,CM1,20.39,24,True,20.49,187.3959,0,0,none,False,2527.63,0,NA,797.22,32.24,True,0,0
2026-10-06T17:41:19.685Z,single-running-hp-timeout-5min,single,CM1,20.39,24,True,20.49,187.3959,0,1,room_demand,False,2527.63,0,NA,797.22,31.1,True,0,0
2026-10-06T17:41:25.354Z,single-running-hp-timeout-5min,single,CM1,20.39,24,True,20.49,187.3959,0,1,room_demand,False,2527.63,0,NA,797.22,30.08,True,0,0
2026-10-06T17:41:30.952Z,single-running-hp-timeout-5min,single,CM1,20.39,24,True,20.49,187.3959,0,1,room_demand,False,2527.63,0,NA,797.22,30.08,True,0,0
2026-10-06T17:41:36.580Z,single-running-hp-timeout-5min,single,CM1,20.39,24,True,20.49,187.3959,0,1,room_demand,False,2527.63,0,NA,797.22,30.01,True,0,0
2026-10-06T17:41:42.211Z,single-running-hp-timeout-5min,single,CM0,20.39,24,True,20.49,0,0,1,room_demand,False,2527.63,0,NA,797.22,30.01,True,0,0
2026-10-06T17:41:47.848Z,single-running-hp-timeout-5min,single,CM0,20.39,24,True,20.49,0,0,1,room_demand,False,2527.63,0,NA,0,30,True,0,0
2026-10-06T17:41:53.478Z,single-running-hp-timeout-5min,single,CM0,20.39,24,True,20.49,0,0,1,room_demand,False,2527.63,0,NA,0,30,True,0,0
2026-10-06T17:41:59.109Z,single-running-hp-timeout-5min,single,CM0,20.39,24,True,20.49,0,0,1,room_demand,False,2527.63,0,NA,0,30,True,0,0
2026-10-06T17:42:04.738Z,single-running-hp-timeout-5min,single,CM0,20.39,24,True,20.49,0,0,1,room_demand,False,2527.63,0,NA,0,30,True,0,0
2026-10-06T17:42:10.373Z,single-running-hp-timeout-5min,single,CM0,20.39,24,True,20.49,0,0,1,room_demand,False,NA,0,NA,0,30,True,0,0
2026-10-06T17:42:16.003Z,single-running-hp-timeout-5min,single,CM0,20.39,24,True,20.49,0,0,1,room_demand,False,NA,0,NA,0,30,True,0,0
2026-10-06T17:42:21.636Z,single-running-hp-timeout-5min,single,CM0,20.39,24,True,20.49,0,0,1,room_demand,False,NA,0,NA,0,30,True,0,0
2026-10-06T17:42:27.264Z,single-running-hp-timeout-5min,single,CM0,20.39,24,True,20.49,0,0,1,room_demand,False,NA,0,NA,0,30,True,0,0
2026-10-06T17:42:32.900Z,single-running-hp-timeout-5min,single,CM0,20.39,24,True,20.49,0,0,1,room_demand,False,NA,0,NA,0,30,True,0,0
2026-10-06T17:42:38.530Z,single-running-hp-timeout-5min,single,CM0,20.39,24,True,20.49,0,0,1,room_demand,False,NA,0,NA,0,30,True,0,0
2026-10-06T17:42:44.167Z,single-running-hp-timeout-5min,single,CM0,20.39,24,True,20.49,0,0,1,room_demand,False,NA,0,NA,0,30,True,0,0
2026-10-06T17:42:49.794Z,single-running-hp-timeout-5min,single,CM0,20.39,24,True,20.49,0,0,1,room_demand,False,NA,0,NA,0,30,True,0,0
2026-10-06T17:42:55.426Z,single-running-hp-timeout-5min,single,CM0,20.39,24,True,20.49,0,0,1,room_demand,False,NA,0,NA,0,30,True,0,0
2026-10-06T17:43:01.060Z,single-running-hp-timeout-5min,single,CM0,20.39,24,True,20.49,0,0,1,room_demand,False,NA,0,NA,0,30,True,0,0
2026-10-06T17:43:06.694Z,single-running-hp-timeout-5min,single,CM0,20.39,24,True,20.49,0,0,1,room_demand,False,NA,0,NA,0,30,True,0,0
2026-10-06T17:43:12.330Z,single-running-hp-timeout-5min,single,CM0,20.39,24,True,20.49,0,0,1,room_demand,False,NA,0,NA,0,30,True,0,0
2026-10-06T17:43:17.967Z,single-running-hp-timeout-5min,single,CM0,20.39,24,True,20.49,0,0,1,room_demand,False,NA,0,NA,0,30,True,0,0
2026-10-06T17:43:23.503Z,single-running-hp-timeout-5min,single,CM0,20.39,24,True,20.49,0,0,1,room_demand,False,NA,0,NA,0,30,True,0,0
2026-10-06T17:43:29.116Z,single-running-hp-timeout-5min,single,CM0,20.39,24,True,20.49,0,0,1,room_demand,False,NA,0,NA,0,30,True,0,0
2026-10-06T17:43:34.749Z,single-running-hp-timeout-5min,single,CM0,20.39,24,True,20.49,0,0,1,room_demand,False,NA,0,NA,0,30,True,0,0
2026-10-06T17:43:40.388Z,single-running-hp-timeout-5min,single,CM0,20.39,24,True,20.49,0,0,1,room_demand,False,NA,0,NA,0,30,True,0,0
2026-10-06T17:43:46.016Z,single-running-hp-timeout-5min,single,CM0,20.39,24,True,20.49,0,0,1,room_demand,False,NA,0,NA,0,30,True,0,0
2026-10-06T17:43:51.647Z,single-running-hp-timeout-5min,single,CM0,20.39,24,True,20.49,0,0,1,room_demand,False,NA,0,NA,0,30,True,0,0
2026-10-06T17:43:57.279Z,single-running-hp-timeout-5min,single,CM0,20.39,24,True,20.49,0,0,1,room_demand,False,NA,0,NA,0,30,True,0,0
2026-10-06T17:44:02.906Z,single-running-hp-timeout-5min,single,CM0,20.39,24,True,20.49,0,0,1,room_demand,False,NA,0,NA,0,30,True,0,0
2026-10-06T17:44:08.542Z,single-running-hp-timeout-5min,single,CM0,20.39,24,True,20.49,0,0,1,room_demand,False,NA,0,NA,0,30,True,0,0
2026-10-06T17:44:14.174Z,single-running-hp-timeout-5min,single,CM0,20.39,24,True,20.49,0,0,1,room_demand,False,NA,0,NA,0,30,True,0,0
2026-10-06T17:44:19.806Z,single-running-hp-timeout-5min,single,CM0,20.39,24,True,20.49,0,0,1,room_demand,False,NA,0,NA,0,30,True,0,0
2026-10-06T17:44:26.504Z,single-running-hp-timeout-5min,single,CM0,20.39,24,True,20.49,0,0,1,room_demand,False,NA,0,NA,0,30,True,0,0
2026-10-06T17:44:32.511Z,single-running-hp-timeout-5min,single,CM0,20.39,24,True,20.49,0,0,1,room_demand,False,NA,0,NA,0,30,True,0,0
2026-10-06T17:44:38.142Z,single-running-hp-timeout-5min,single,CM0,20.39,24,True,20.49,0,0,1,room_demand,False,NA,0,NA,0,30,True,0,0
2026-10-06T17:44:43.774Z,single-running-hp-timeout-5min,single,CM0,20.39,24,True,20.49,0,0,1,room_demand,False,NA,0,NA,0,30,True,0,0
2026-10-06T17:44:49.406Z,single-running-hp-timeout-5min,single,CM0,20.39,24,True,20.49,0,0,1,room_demand,False,NA,0,NA,0,30,True,0,0
2026-10-06T17:44:55.031Z,single-running-hp-timeout-5min,single,CM0,20.39,24,True,20.49,0,0,1,room_demand,False,NA,0,NA,0,30,True,0,0
2026-10-06T17:45:00.678Z,single-running-hp-timeout-5min,single,CM0,20.39,24,True,20.49,0,0,1,room_demand,False,NA,0,NA,0,30,True,0,0
2026-10-06T17:45:06.299Z,single-running-hp-timeout-5min,single,CM0,20.39,24,True,20.59,0,0,1,room_demand,False,NA,0,NA,0,30,True,0,0
2026-10-06T17:45:12.033Z,single-running-hp-timeout-5min,single,CM0,20.39,24,True,20.59,0,0,1,room_demand,False,NA,0,NA,0,30,True,0,0
2026-10-06T17:45:17.685Z,single-running-hp-timeout-5min,single,CM0,20.39,24,True,20.59,0,0,1,room_demand,False,NA,0,NA,0,30,True,0,0
2026-10-06T17:50:21.793Z,single-before-isolated-repeat,single,CM1,NA,24,False,24,0,0,0,none,False,2527.63,1,NA,797.22,32.24,True,2,0
2026-10-06T17:50:54.574Z,single-normal-baseline-before-raise,single,CM1,20.39,22,False,22,0,0,0,none,False,2527.63,1,NA,797.22,32.24,True,2,0
2026-10-06T17:51:00.310Z,single-normal-baseline-before-raise,single,CM1,20.39,22,False,22,0,0,0,none,False,2527.63,1,NA,797.22,32.24,True,2,0
2026-10-06T17:51:05.926Z,single-normal-baseline-before-raise,single,CM1,20.39,22,False,22,0,0,0,none,False,2527.63,1,NA,797.22,32.24,True,2,0
2026-10-06T17:51:11.557Z,single-normal-baseline-before-raise,single,CM1,20.39,22,False,22,0,0,0,none,False,2527.63,1,NA,797.22,32.24,True,2,0
2026-10-06T17:51:18.702Z,single-normal-baseline-before-raise,single,CM1,20.39,22,False,22,0,0,0,none,False,2527.63,1,NA,797.22,32.24,True,2,0
2026-10-06T17:51:24.259Z,single-normal-baseline-before-raise,single,CM1,20.39,22,False,22,0,0,0,none,False,2527.63,1,NA,797.22,32.24,True,2,0
2026-10-06T17:51:29.903Z,single-normal-baseline-before-raise,single,CM1,20.39,22,False,22,0,0,0,none,False,2527.63,1,NA,797.22,32.24,True,2,0
2026-10-06T17:51:35.520Z,single-normal-baseline-before-raise,single,CM1,20.39,22,False,22,0,0,0,none,False,2527.63,1,NA,797.22,32.24,True,2,0
2026-10-06T17:51:41.166Z,single-normal-baseline-before-raise,single,CM1,20.39,22,False,22,0,0,0,none,False,2527.63,1,NA,797.22,32.24,True,2,0
2026-10-06T17:51:46.816Z,single-normal-baseline-before-raise,single,CM1,20.39,22,False,22,0,0,0,none,False,2527.63,1,NA,797.22,32.24,True,2,0
2026-10-06T17:51:52.417Z,single-normal-baseline-before-raise,single,CM1,20.39,22,False,22,0,0,0,none,False,2527.63,1,NA,797.22,32.24,True,2,0
2026-10-06T17:51:58.064Z,single-normal-baseline-before-raise,single,CM1,20.39,22,False,22,0,0,0,none,False,2527.63,1,NA,797.22,32.24,True,2,0
2026-10-06T17:52:03.727Z,single-normal-baseline-before-raise,single,CM1,20.39,22,False,22,0,0,0,none,False,2527.63,1,NA,797.22,32.24,True,2,0
2026-10-06T17:52:09.321Z,single-normal-baseline-before-raise,single,CM1,20.39,22,False,22,0,0,0,none,False,2527.63,1,NA,797.22,32.24,True,2,0
2026-10-06T17:52:15.732Z,single-normal-baseline-before-raise,single,CM1,20.39,22,False,22,0,0,0,none,False,2527.63,1,NA,797.22,32.24,True,2,0
2026-10-06T17:52:22.968Z,single-normal-baseline-before-raise,single,CM1,20.39,22,False,22,0,0,0,none,False,2527.63,1,NA,797.22,32.24,True,2,0
2026-10-06T17:52:28.585Z,single-normal-baseline-before-raise,single,CM1,20.39,22,False,22,0,0,0,none,False,2527.63,0,NA,797.22,32.24,True,0,0
2026-10-06T17:52:34.179Z,single-normal-baseline-before-raise,single,CM1,20.39,22,False,22,0,0,1,room_demand,False,2527.63,0,NA,797.22,32.24,True,0,0
2026-10-06T17:52:39.726Z,single-normal-baseline-before-raise,single,CM0,20.39,22,False,22,0,0,1,room_demand,False,2527.63,0,NA,797.22,30.3,True,0,0
2026-10-06T17:52:45.356Z,single-normal-baseline-before-raise,single,CM0,20.39,22,False,22,0,0,1,room_demand,False,2527.63,0,NA,797.22,30.02,True,0,0
2026-10-06T17:52:51.006Z,single-normal-baseline-before-raise,single,CM0,20.39,22,False,22,0,0,1,room_demand,False,2527.63,0,NA,0,30.02,True,0,0
2026-10-06T17:53:13.220Z,single-normal-running-entry-baseline,single,CM0,20.39,22,False,22,585,0,1,room_demand,False,2527.63,0,NA,0,30,True,0,0
2026-10-06T17:53:18.902Z,single-normal-running-entry-baseline,single,CM0,20.39,22,False,22,585,0,1,room_demand,False,2527.63,0,NA,0,30,True,0,0
2026-10-06T17:53:24.472Z,single-normal-running-entry-baseline,single,CM0,20.39,22,False,22,585,0,1,room_demand,False,2527.63,0,NA,0,30,True,0,0
2026-10-06T17:53:30.106Z,single-normal-running-entry-baseline,single,CM0,20.39,22,False,22,585,0,1,room_demand,False,NA,0,NA,0,30,True,0,0
2026-10-06T17:53:35.739Z,single-normal-running-entry-baseline,single,CM1,20.39,22,False,22,585,0,1,room_demand,True,NA,0,NA,0,30,True,0,0
2026-10-06T17:53:41.413Z,single-normal-running-entry-baseline,single,CM1,20.39,22,False,22,2340.059,0,1,room_demand,True,NA,0,NA,0,30,True,0,0
2026-10-06T17:53:47.006Z,single-normal-running-entry-baseline,single,CM1,20.39,22,False,22,2340.059,0,1,room_demand,True,NA,0,NA,656.316,30,True,0,0
2026-10-06T17:53:52.635Z,single-normal-running-entry-baseline,single,CM1,20.39,22,False,22,2340.059,0,1,room_demand,True,NA,0,NA,656.316,30,True,0,0
2026-10-06T17:53:58.264Z,single-normal-running-entry-baseline,single,CM1,20.39,22,False,22,2340.059,0,1,room_demand,True,NA,0,NA,796.602,30,True,0,0
2026-10-06T17:54:04.223Z,single-normal-running-entry-baseline,single,CM1,20.39,22,False,22,2340.059,0,1,room_demand,True,NA,0,NA,796.602,30,True,0,0
2026-10-06T17:54:09.836Z,single-normal-running-entry-baseline,single,CM1,20.39,22,False,22,2340.059,0,1,room_demand,True,NA,0,NA,797.22,30,True,0,0
2026-10-06T17:54:15.474Z,single-normal-running-entry-baseline,single,CM1,20.39,22,False,22,4095.176,0,1,room_demand,True,NA,0,NA,797.22,30,True,0,0
2026-10-06T17:54:21.110Z,single-normal-running-entry-baseline,single,CM1,20.39,22,False,22,4095.176,0,1,room_demand,True,NA,0,NA,797.22,30,True,0,0
2026-10-06T17:54:26.735Z,single-normal-running-entry-baseline,single,CM1,20.39,22,False,22,4095.176,0,1,room_demand,True,NA,0,NA,797.22,30,True,0,0
2026-10-06T17:54:32.700Z,single-normal-running-entry-baseline,single,CM1,20.39,22,False,22,4095.176,0,1,room_demand,True,NA,0,NA,797.22,30,True,0,0
2026-10-06T17:54:38.234Z,single-normal-running-entry-baseline,single,CM1,20.39,22,False,22,4095.176,0,1,room_demand,True,NA,0,NA,797.22,30,True,0,0
2026-10-06T17:54:43.959Z,single-normal-running-entry-baseline,single,CM1,20.39,22,False,22,4325.833,0,1,room_demand,True,NA,0,NA,797.22,30,True,0,0
2026-10-06T17:54:49.684Z,single-normal-running-entry-baseline,single,CM1,20.39,22,False,22,4325.833,0,1,room_demand,True,NA,0,NA,797.22,30,True,0,0
2026-10-06T17:54:55.315Z,single-normal-running-entry-baseline,single,CM1,20.39,22,False,22,4325.833,0,1,room_demand,True,NA,0,NA,797.22,30,True,0,0
2026-10-06T17:55:01.013Z,single-normal-running-entry-baseline,single,CM1,20.39,22,False,22,4325.833,0,1,room_demand,True,NA,0,NA,797.22,30,True,0,0
2026-10-06T17:55:06.693Z,single-normal-running-entry-baseline,single,CM1,20.39,22,False,22,4325.833,0,1,room_demand,True,NA,0,NA,797.22,30,True,0,0
2026-10-06T17:55:12.744Z,single-normal-running-entry-baseline,single,CM1,20.39,22,False,22,4338.335,0,1,room_demand,True,NA,0,NA,797.22,30,True,0,0
2026-10-06T17:55:18.340Z,single-normal-running-entry-baseline,single,CM1,20.39,22,False,22,4338.335,0,1,room_demand,True,NA,0,NA,797.22,30,True,0,0
2026-10-06T17:55:23.971Z,single-normal-running-entry-baseline,single,CM1,20.39,22,False,22,4338.335,0,1,room_demand,True,NA,0,NA,797.22,30,True,0,0
2026-10-06T17:55:29.607Z,single-normal-running-entry-baseline,single,CM1,20.39,22,False,22,4338.335,0,1,room_demand,True,NA,0,NA,797.22,30,True,0,0
2026-10-06T17:55:35.235Z,single-normal-running-entry-baseline,single,CM1,20.39,22,False,22,4338.335,0,1,room_demand,True,NA,0,NA,797.22,30,True,0,0
2026-10-06T17:55:40.869Z,single-normal-running-entry-baseline,single,CM1,20.39,22,False,22,4350.832,0,1,room_demand,True,NA,0,NA,797.22,30,True,0,0
2026-10-06T17:55:46.497Z,single-normal-running-entry-baseline,single,CM1,20.39,22,False,22,4350.832,0,1,room_demand,True,NA,0,NA,797.22,30,True,0,0
2026-10-06T17:55:52.132Z,single-normal-running-entry-baseline,single,CM1,20.39,22,False,22,4350.832,0,1,room_demand,True,NA,0,NA,797.22,30,True,0,0
2026-10-06T17:55:57.766Z,single-normal-running-entry-baseline,single,CM1,20.39,22,False,22,4350.832,0,1,room_demand,True,NA,0,NA,797.22,30,True,0,0
2026-10-06T17:56:03.394Z,single-normal-running-entry-baseline,single,CM1,20.39,22,False,22,4350.832,0,1,room_demand,True,NA,0,NA,797.22,30,True,0,0
2026-10-06T17:56:09.027Z,single-normal-running-entry-baseline,single,CM1,20.39,22,False,22,4350.832,0,1,room_demand,True,NA,0,NA,797.22,30,True,0,0
2026-10-06T17:56:14.660Z,single-normal-running-entry-baseline,single,CM1,20.39,22,False,22,4363.334,0,1,room_demand,True,NA,0,NA,797.22,30,True,0,0
2026-10-06T17:56:20.293Z,single-normal-running-entry-baseline,single,CM1,20.39,22,False,22,4363.334,0,1,room_demand,True,NA,0,NA,797.22,30,True,0,0
2026-10-06T17:56:25.937Z,single-normal-running-entry-baseline,single,CM1,20.39,22,False,22,4363.334,0,1,room_demand,True,NA,0,NA,797.22,30,True,0,0
2026-10-06T17:56:31.580Z,single-normal-running-entry-baseline,single,CM1,20.39,22,False,22,4363.334,0,1,room_demand,True,NA,0,NA,797.22,30,True,0,0
2026-10-06T17:56:37.142Z,single-normal-running-entry-baseline,single,CM1,20.39,22,False,22,4363.334,0,1,room_demand,True,NA,0,NA,797.22,30,True,0,0
2026-10-06T17:56:42.722Z,single-normal-running-entry-baseline,single,CM1,20.39,22,False,22,4375.837,0,1,room_demand,True,NA,0,NA,797.22,30,True,0,0
2026-10-06T17:56:48.349Z,single-normal-running-entry-baseline,single,CM1,20.39,22,False,22,4375.837,0,1,room_demand,True,NA,0,NA,797.22,30,True,0,0
2026-10-06T17:56:53.985Z,single-normal-running-entry-baseline,single,CM2,20.39,22,False,22,4375.837,0,1,room_demand,True,2527.63,0,NA,797.22,30,True,0,0
2026-10-06T17:56:59.613Z,single-normal-running-entry-baseline,single,CM2,20.39,22,False,22,4375.837,0,0,none,True,2527.63,4,NA,797.22,30,True,0,0
2026-10-06T17:57:05.249Z,single-normal-running-entry-baseline,single,CM2,20.39,22,False,22,4375.837,0,0,none,True,2527.63,4,NA,797.22,30.99,True,2,0
2026-10-06T17:57:10.878Z,single-normal-running-entry-baseline,single,CM2,20.39,22,False,22,4388.334,0,0,none,True,2527.63,4,NA,797.22,30.99,True,2,0
2026-10-06T17:57:16.509Z,single-normal-running-entry-baseline,single,CM2,20.39,22,False,22,4388.334,0,0,none,True,2527.63,4,NA,797.22,33.69,True,2,0
2026-10-06T17:57:22.149Z,single-normal-running-entry-baseline,single,CM2,20.39,22,False,22,4388.334,0,0,none,True,2527.63,4,NA,797.22,33.69,True,2,0
2026-10-06T17:57:27.777Z,single-normal-running-entry-baseline,single,CM2,20.39,22,False,22,4388.334,0,0,none,True,2527.63,4,NA,797.22,33.94,True,2,0
2026-10-06T17:57:39.347Z,single-isolated-running-timeout-5min,single,CM2,20.39,22,False,22,4388.334,0,0,none,True,2527.63,4,NA,797.22,33.96,True,2,0
2026-10-06T17:57:44.979Z,single-isolated-running-timeout-5min,single,CM2,20.39,24,True,20.49,4400.837,0,0,none,True,2527.63,4,NA,797.22,33.96,True,2,0
2026-10-06T17:57:50.614Z,single-isolated-running-timeout-5min,single,CM2,20.39,24,True,20.49,4400.837,0,0,none,True,2527.63,4,NA,797.22,33.96,True,2,0
2026-10-06T17:57:56.242Z,single-isolated-running-timeout-5min,single,CM2,20.39,24,True,20.49,4400.837,0,0,none,True,2527.63,2,NA,797.22,33.96,True,2,0
2026-10-06T17:58:01.880Z,single-isolated-running-timeout-5min,single,CM2,20.39,24,True,20.49,4400.837,0,0,none,True,2527.63,2,NA,797.22,33.96,True,2,0
2026-10-06T17:58:07.506Z,single-isolated-running-timeout-5min,single,CM2,20.39,24,True,20.49,4400.837,0,0,none,True,2527.63,1,NA,797.22,32.97,True,2,0
2026-10-06T17:58:13.140Z,single-isolated-running-timeout-5min,single,CM2,20.39,24,True,20.49,2527.63,0,0,none,True,2527.63,1,NA,797.22,32.97,True,2,0
2026-10-06T17:58:18.769Z,single-isolated-running-timeout-5min,single,CM2,20.39,24,True,20.49,2527.63,0,0,none,True,2527.63,1,NA,797.22,32.31,True,2,0
2026-10-06T17:58:24.404Z,single-isolated-running-timeout-5min,single,CM2,20.39,24,True,20.49,2527.63,0,0,none,True,2527.63,1,NA,797.22,32.31,True,2,0
2026-10-06T17:58:30.035Z,single-isolated-running-timeout-5min,single,CM2,20.39,24,True,20.49,2527.63,0,0,none,True,2527.63,1,NA,797.22,32.24,True,2,0
2026-10-06T17:58:35.667Z,single-isolated-running-timeout-5min,single,CM2,20.39,24,True,20.49,2527.63,0,0,none,True,2527.63,1,NA,797.22,32.24,True,2,0
2026-10-06T17:58:41.300Z,single-isolated-running-timeout-5min,single,CM2,20.39,24,True,20.49,2527.63,0,0,none,True,2527.63,1,NA,797.22,32.24,True,2,0
2026-10-06T17:58:46.931Z,single-isolated-running-timeout-5min,single,CM2,20.39,24,True,20.49,2527.63,0,0,none,True,2527.63,1,NA,797.22,32.24,True,2,0
2026-10-06T17:58:52.570Z,single-isolated-running-timeout-5min,single,CM2,20.39,24,True,20.49,2527.63,0,0,none,True,2527.63,1,NA,797.22,32.24,True,2,0
2026-10-06T17:58:58.194Z,single-isolated-running-timeout-5min,single,CM2,20.39,24,True,20.49,2527.63,0,0,none,True,2527.63,1,NA,797.22,32.24,True,2,0
2026-10-06T17:59:04.209Z,single-isolated-running-timeout-5min,single,CM2,20.39,24,True,20.49,2527.63,0,0,none,True,2527.63,1,NA,797.22,32.24,True,2,0
2026-10-06T17:59:09.975Z,single-isolated-running-timeout-5min,single,CM2,20.39,24,True,20.49,2527.63,0,0,none,True,2527.63,1,NA,797.22,32.24,True,2,0
2026-10-06T17:59:15.599Z,single-isolated-running-timeout-5min,single,CM2,20.39,24,True,20.49,2527.63,0,0,none,True,2527.63,1,NA,797.22,32.24,True,2,0
2026-10-06T17:59:21.239Z,single-isolated-running-timeout-5min,single,CM2,20.39,24,True,20.49,2527.63,0,0,none,True,2527.63,1,NA,797.22,32.24,True,2,0
2026-10-06T17:59:26.893Z,single-isolated-running-timeout-5min,single,CM2,20.39,24,True,20.49,2527.63,0,0,none,True,2527.63,1,NA,797.22,32.24,True,2,0
2026-10-06T17:59:32.497Z,single-isolated-running-timeout-5min,single,CM2,20.39,24,True,20.49,2527.63,0,0,none,True,2527.63,1,NA,797.22,32.24,True,2,0
2026-10-06T17:59:38.131Z,single-isolated-running-timeout-5min,single,CM2,20.39,24,True,20.49,2527.63,0,0,none,True,2527.63,1,NA,797.22,32.24,True,2,0
2026-10-06T17:59:43.761Z,single-isolated-running-timeout-5min,single,CM2,20.39,24,True,20.49,2527.63,0,0,none,True,2527.63,1,NA,797.22,32.24,True,2,0
2026-10-06T17:59:49.394Z,single-isolated-running-timeout-5min,single,CM2,20.39,24,True,20.49,2527.63,0,0,none,True,2527.63,1,NA,797.22,32.24,True,2,0
2026-10-06T17:59:55.033Z,single-isolated-running-timeout-5min,single,CM2,20.39,24,True,20.49,2527.63,0,0,none,True,2527.63,1,NA,797.22,32.24,True,2,0
2026-10-06T18:00:00.656Z,single-isolated-running-timeout-5min,single,CM2,20.39,24,True,20.49,2527.63,0,0,none,True,2527.63,1,NA,797.22,32.24,True,2,0
2026-10-06T18:00:06.288Z,single-isolated-running-timeout-5min,single,CM2,20.39,24,True,20.49,2527.63,0,0,none,True,2527.63,1,NA,797.22,32.24,True,2,0
2026-10-06T18:00:11.996Z,single-isolated-running-timeout-5min,single,CM2,20.39,24,True,20.49,2527.63,0,0,none,True,2527.63,1,NA,797.22,32.24,True,2,0
2026-10-06T18:00:17.560Z,single-isolated-running-timeout-5min,single,CM2,20.39,24,True,20.49,2527.63,0,0,none,True,2527.63,1,NA,797.22,32.24,True,2,0
2026-10-06T18:00:23.251Z,single-isolated-running-timeout-5min,single,CM2,20.39,24,True,20.49,2527.63,0,0,none,True,2527.63,1,NA,797.22,32.24,True,2,0
2026-10-06T18:00:29.125Z,single-isolated-running-timeout-5min,single,CM2,20.39,24,True,20.49,2527.63,0,0,none,True,2527.63,1,NA,797.22,32.24,True,2,0
2026-10-06T18:00:34.761Z,single-isolated-running-timeout-5min,single,CM2,20.39,24,True,20.49,2527.63,0,0,none,True,2527.63,1,NA,797.22,32.24,True,2,0
2026-10-06T18:00:40.387Z,single-isolated-running-timeout-5min,single,CM2,20.39,24,True,20.49,2527.63,0,0,none,True,2527.63,1,NA,797.22,32.24,True,2,0
2026-10-06T18:00:46.036Z,single-isolated-running-timeout-5min,single,CM2,20.39,24,True,20.49,2527.63,0,0,none,True,2527.63,1,NA,797.22,32.24,True,2,0
2026-10-06T18:00:51.579Z,single-isolated-running-timeout-5min,single,CM2,20.39,24,True,20.49,2527.63,0,0,none,True,2527.63,1,NA,797.22,32.24,True,2,0
2026-10-06T18:00:57.186Z,single-isolated-running-timeout-5min,single,CM2,20.39,24,True,20.49,2527.63,0,0,none,True,2527.63,1,NA,797.22,32.24,True,2,0
2026-10-06T18:01:02.814Z,single-isolated-running-timeout-5min,single,CM2,20.39,24,True,20.49,2527.63,0,0,none,True,2527.63,1,NA,797.22,32.24,True,2,0
2026-10-06T18:01:08.453Z,single-isolated-running-timeout-5min,single,CM2,20.39,24,True,20.49,2527.63,0,0,none,True,2527.63,1,NA,797.22,32.24,True,2,0
2026-10-06T18:01:14.081Z,single-isolated-running-timeout-5min,single,CM2,20.39,24,True,20.49,2527.63,0,0,none,True,2527.63,1,NA,797.22,32.24,True,2,0
2026-10-06T18:01:19.729Z,single-isolated-running-timeout-5min,single,CM2,20.39,24,True,20.49,2527.63,0,0,none,True,2527.63,1,NA,797.22,32.24,True,2,0
2026-10-06T18:01:25.364Z,single-isolated-running-timeout-5min,single,CM2,20.39,24,True,20.49,2527.63,0,0,none,True,2527.63,1,NA,797.22,32.24,True,2,0
2026-10-06T18:01:30.977Z,single-isolated-running-timeout-5min,single,CM2,20.39,24,True,20.49,2527.63,0,0,none,True,2527.63,1,NA,797.22,32.24,True,2,0
2026-10-06T18:01:36.606Z,single-isolated-running-timeout-5min,single,CM2,20.39,24,True,20.49,2527.63,0,0,none,True,2527.63,1,NA,797.22,32.24,True,2,0
2026-10-06T18:01:42.268Z,single-isolated-running-timeout-5min,single,CM2,20.39,24,True,20.49,2527.63,0,0,none,True,2527.63,1,NA,797.22,32.24,True,2,0
2026-10-06T18:01:47.890Z,single-isolated-running-timeout-5min,single,CM2,20.39,24,True,20.49,2527.63,0,0,none,True,2527.63,1,NA,797.22,32.24,True,2,0
2026-10-06T18:01:53.455Z,single-isolated-running-timeout-5min,single,CM2,20.39,24,True,20.49,2527.63,0,0,none,True,2527.63,1,NA,797.22,32.24,True,2,0
2026-10-06T18:01:59.140Z,single-isolated-running-timeout-5min,single,CM2,20.39,24,True,20.49,2527.63,0,0,none,True,2527.63,1,NA,797.22,32.24,True,2,0
2026-10-06T18:02:04.769Z,single-isolated-running-timeout-5min,single,CM2,20.39,24,True,20.49,2527.63,0,0,none,True,2527.63,1,NA,797.22,32.24,True,2,0
2026-10-06T18:02:10.402Z,single-isolated-running-timeout-5min,single,CM2,20.39,24,True,20.49,2527.63,0,0,none,True,2527.63,1,NA,797.22,32.24,True,2,0
2026-10-06T18:02:16.035Z,single-isolated-running-timeout-5min,single,CM2,20.39,24,True,20.49,2527.63,0,0,none,True,2527.63,1,NA,797.22,32.24,True,2,0
2026-10-06T18:02:21.663Z,single-isolated-running-timeout-5min,single,CM2,20.39,24,True,20.49,2527.63,0,0,none,True,2527.63,1,NA,797.22,32.24,True,2,0
2026-10-06T18:02:27.303Z,single-isolated-running-timeout-5min,single,CM2,20.39,24,True,20.49,2527.63,0,0,none,True,2527.63,1,NA,797.22,32.24,True,2,0
2026-10-06T18:02:32.932Z,single-isolated-running-timeout-5min,single,CM2,20.39,24,True,20.49,2527.63,0,0,none,True,2527.63,1,NA,797.22,32.24,True,2,0
2026-10-06T18:02:38.561Z,single-isolated-running-timeout-5min,single,CM2,20.39,24,True,20.49,2527.63,0,0,none,True,2527.63,1,NA,797.22,32.24,True,2,0
2026-10-06T18:02:44.197Z,single-isolated-running-timeout-5min,single,CM2,20.39,24,True,20.49,2527.63,0,0,none,True,2527.63,1,NA,797.22,32.24,True,2,0
2026-10-06T18:02:49.824Z,single-isolated-running-timeout-5min,single,CM2,20.39,24,True,20.59,2527.63,0,0,none,True,2527.63,1,NA,797.22,32.24,True,2,0
2026-10-06T18:02:55.456Z,single-isolated-running-timeout-5min,single,CM2,20.39,24,True,20.59,2527.63,0,0,none,True,2527.63,1,NA,797.22,32.24,True,2,0
2026-10-06T18:03:01.085Z,single-isolated-running-timeout-5min,single,CM2,20.39,24,True,20.59,2527.63,0,0,none,True,2527.63,1,NA,797.22,32.24,True,2,0
2026-10-06T18:03:24.950Z,single-water-limit-active,single,CM2,20.39,24,True,20.59,2527.63,0,0,none,True,2527.63,1,NA,797.22,32.24,True,2,0
2026-10-06T18:03:30.600Z,single-water-limit-active,single,CM2,20.39,24,True,20.59,2527.63,0,0,none,True,2527.63,1,NA,797.22,32.24,True,2,0
2026-10-06T18:03:36.215Z,single-water-limit-active,single,CM1,20.39,24,True,20.59,2527.63,0,0,none,False,2527.63,0,NA,797.22,32.24,True,0,0
2026-10-06T18:03:41.844Z,single-water-limit-active,single,CM1,20.39,24,True,20.59,0,0,0,none,False,2527.63,0,NA,797.22,32.24,True,0,0
2026-10-06T18:03:47.496Z,single-water-limit-active,single,CM1,20.39,24,True,20.59,0,0,0,none,False,2527.63,0,NA,797.22,30.3,True,0,0
2026-10-06T18:03:53.133Z,single-water-limit-active,single,CM1,20.39,24,True,20.59,0,0,1,room_demand,False,2527.63,0,NA,797.22,30.3,True,0,0
2026-10-06T18:03:58.744Z,single-water-limit-active,single,CM1,20.39,24,True,20.59,0,0,1,room_demand,False,2527.63,0,NA,797.22,30.02,True,0,0
2026-10-06T18:04:04.367Z,single-water-limit-active,single,CM0,20.39,24,True,20.59,0,0,1,room_demand,False,2527.63,0,NA,797.22,30.02,True,0,0
2026-10-06T18:04:10.006Z,single-water-limit-active,single,CM0,20.39,24,True,20.59,0,0,1,room_demand,False,2527.63,0,NA,0,30,True,0,0
2026-10-06T18:04:15.633Z,single-water-limit-active,single,CM0,20.39,24,True,20.59,0,0,1,room_demand,False,2527.63,0,NA,0,30,True,0,0
2026-10-06T18:04:21.270Z,single-water-limit-active,single,CM0,20.39,24,True,20.59,0,0,1,room_demand,False,2527.63,0,NA,0,30,True,0,0
2026-10-06T18:04:26.926Z,single-water-limit-active,single,CM0,20.39,24,True,20.59,0,0,1,room_demand,False,2527.63,0,NA,0,30,True,0,0
2026-10-06T18:04:32.533Z,single-water-limit-active,single,CM0,20.39,24,True,20.59,0,0,1,room_demand,False,2527.63,0,NA,0,30,True,0,0
2026-10-06T18:04:38.171Z,single-water-limit-active,single,CM0,20.39,24,True,20.59,0,0,1,room_demand,False,NA,0,NA,0,30,True,0,0
2026-10-06T18:04:43.799Z,single-water-limit-active,single,CM0,20.39,24,True,20.59,0,0,1,room_demand,False,NA,0,NA,0,30,True,0,0
2026-10-06T18:04:52.915Z,single-permission-off-water-released,single,CM0,20.39,24,True,20.59,0,0,1,room_demand,False,NA,0,NA,0,30,False,0,0
2026-10-06T18:04:58.545Z,single-permission-off-water-released,single,CM0,20.39,24,True,20.59,0,0,1,room_demand,False,NA,0,NA,0,30,False,0,0
2026-10-06T18:05:04.174Z,single-permission-off-water-released,single,CM0,20.39,24,True,20.59,0,0,0,none,False,NA,0,NA,0,30,False,0,0
2026-10-06T18:05:09.808Z,single-permission-off-water-released,single,CM0,20.39,24,True,20.59,0,0,0,none,False,NA,0,NA,0,30,False,0,0
2026-10-06T18:05:15.443Z,single-permission-off-water-released,single,CM0,20.39,24,True,20.59,0,0,0,none,False,NA,0,NA,0,30,False,0,0
2026-10-06T18:05:21.071Z,single-permission-off-water-released,single,CM0,20.39,24,True,20.59,0,0,0,none,False,NA,0,NA,0,30,False,0,0
2026-10-06T18:05:26.709Z,single-permission-off-water-released,single,CM0,20.39,24,True,20.59,0,0,0,none,False,NA,0,NA,0,30,False,0,0
2026-10-06T18:05:32.334Z,single-permission-off-water-released,single,CM0,20.39,24,True,20.59,0,0,0,none,False,NA,0,NA,0,30,False,0,0
2026-10-06T18:05:39.709Z,single-permission-reentry-minoff,single,CM0,20.39,24,True,20.59,0,0,0,none,False,NA,0,NA,0,30,True,0,0
2026-10-06T18:05:45.339Z,single-permission-reentry-minoff,single,CM0,20.39,24,True,20.59,0,0,0,none,False,NA,0,NA,0,30,True,0,0
2026-10-06T18:05:50.972Z,single-permission-reentry-minoff,single,CM0,20.39,24,True,20.59,0,0,1,room_demand,False,NA,0,NA,0,30,True,0,0
2026-10-06T18:05:56.606Z,single-permission-reentry-minoff,single,CM0,20.39,24,True,20.59,0,0,1,room_demand,False,NA,0,NA,0,30,True,0,0
2026-10-06T18:06:02.233Z,single-permission-reentry-minoff,single,CM0,20.39,24,True,20.59,0,0,1,room_demand,False,NA,0,NA,0,30,True,0,0
2026-10-06T18:06:07.878Z,single-permission-reentry-minoff,single,CM0,20.39,24,True,20.59,0,0,1,room_demand,False,NA,0,NA,0,30,True,0,0
2026-10-06T18:06:13.502Z,single-permission-reentry-minoff,single,CM0,20.39,24,True,20.59,0,0,1,room_demand,False,NA,0,NA,0,30,True,0,0
2026-10-06T18:06:57.229Z,single-lower-goal-cancel,single,CM0,20.39,24,True,20.59,0,0,0,none,False,NA,0,NA,0,30,False,0,0
2026-10-06T18:07:02.854Z,single-lower-goal-cancel,single,CM0,20.39,24,True,20.59,0,0,0,none,False,NA,0,NA,0,30,False,0,0
2026-10-06T18:07:08.483Z,single-lower-goal-cancel,single,CM0,20.39,23,False,23,0,0,0,none,False,NA,0,NA,0,30,False,0,0
2026-10-06T18:07:15.859Z,single-enable-baseline,single,CM0,20.39,23,False,23,585,0,0,none,False,NA,0,NA,0,30,False,0,0
2026-10-06T18:07:21.490Z,single-enable-baseline,single,CM0,20.39,23,False,23,585,0,0,none,False,NA,0,NA,0,30,False,0,0
2026-10-06T18:07:27.119Z,single-enable-baseline,single,CM0,20.39,18,False,18,585,0,0,none,False,NA,0,NA,0,30,False,0,0
2026-10-06T18:07:34.493Z,single-enable-active,single,CM0,20.39,24,True,18,585,0,0,none,False,NA,0,NA,0,30,False,0,0
2026-10-06T18:07:40.124Z,single-enable-active,single,CM0,20.39,24,True,20.49,585,0,0,none,False,NA,0,NA,0,30,False,0,0
2026-10-06T18:07:45.758Z,single-enable-active,single,CM0,20.39,24,True,20.49,0,0,0,none,False,NA,0,NA,0,30,False,0,0
2026-10-06T18:07:53.131Z,single-disable-cancel,single,CM0,20.39,24,False,20.49,0,0,0,none,False,NA,0,NA,0,30,False,0,0
2026-10-06T18:07:58.765Z,single-disable-cancel,single,CM0,20.39,24,False,24,0,0,0,none,False,NA,0,NA,0,30,False,0,0
2026-10-06T18:08:04.390Z,single-disable-cancel,single,CM0,20.39,24,False,24,0,0,0,none,False,2527.63,0,NA,0,30,False,0,0
2026-10-06T18:08:11.767Z,single-enable-no-replay,single,CM0,20.39,24,False,24,1462.5,0,0,none,False,2527.63,0,NA,0,30,False,0,0
2026-10-06T18:08:17.398Z,single-enable-no-replay,single,CM0,20.39,24,False,24,1462.5,0,0,none,False,2527.63,0,NA,0,30,False,0,0
2026-10-06T18:08:23.030Z,single-enable-no-replay,single,CM0,20.39,24,False,24,1462.5,0,0,none,False,2527.63,0,NA,0,30,False,0,0
2026-10-06T18:08:30.406Z,single-source-baseline,single,CM0,20.39,24,False,24,1462.5,0,0,none,True,2527.63,0,NA,0,30,False,0,0
2026-10-06T18:08:36.037Z,single-source-baseline,single,CM0,20.39,18,False,18,1462.5,0,0,none,False,2527.63,0,NA,0,30,False,0,0
2026-10-06T18:08:41.671Z,single-source-baseline,single,CM0,20.39,18,False,18,1462.5,0,0,none,False,2527.63,0,NA,0,30,False,0,0
2026-10-06T18:08:49.044Z,single-source-active,single,CM0,20.39,18,False,18,1462.5,0,0,none,False,2527.63,0,NA,0,30,False,0,0
2026-10-06T18:08:54.675Z,single-source-active,single,CM0,20.39,24,True,20.49,1462.5,0,0,none,False,2527.63,0,NA,0,30,False,0,0
2026-10-06T18:09:00.346Z,single-source-active,single,CM0,20.39,24,True,20.49,1462.5,0,0,none,False,2527.63,0,NA,0,30,False,0,0
2026-10-06T18:09:07.678Z,single-source-cancel,single,CM0,20.39,24,False,20.49,1462.5,0,0,none,False,2527.63,0,NA,0,30,False,0,0
2026-10-06T18:09:13.313Z,single-source-cancel,single,CM0,NA,24,False,24,0,0,0,none,False,2527.63,0,NA,0,30,False,0,0
2026-10-06T18:09:18.939Z,single-source-cancel,single,CM0,NA,24,False,24,0,0,0,none,False,2527.63,0,NA,0,30,False,0,0
2026-10-06T18:09:30.619Z,single-source-return-no-replay,single,CM0,20.39,24,False,24,0,0,0,none,False,2527.63,0,NA,0,30,False,0,0
2026-10-06T18:09:36.254Z,single-source-return-no-replay,single,CM0,20.39,24,False,24,0,0,0,none,False,2527.63,0,NA,0,30,False,0,0
2026-10-06T18:09:41.879Z,single-source-return-no-replay,single,CM0,20.39,24,False,24,585,0,0,none,False,2527.63,0,NA,0,30,False,0,0
2026-10-06T18:09:49.283Z,single-mode-baseline,single,CM0,20.39,24,False,24,585,0,0,none,False,2527.63,0,NA,0,30,False,0,0
2026-10-06T18:09:54.885Z,single-mode-baseline,single,CM0,20.39,18,False,18,585,0,0,none,False,2527.63,0,NA,0,30,False,0,0
2026-10-06T18:10:00.415Z,single-mode-baseline,single,CM0,20.39,18,False,18,585,0,0,none,False,2527.63,0,NA,0,30,False,0,0
2026-10-06T18:10:07.801Z,single-mode-active,single,CM0,20.39,18,False,18,585,0,0,none,False,2527.63,0,NA,0,30,False,0,0
2026-10-06T18:10:13.419Z,single-mode-active,single,CM0,20.39,24,False,18,0,0,0,none,False,2527.63,0,NA,0,30,False,0,0
2026-10-06T18:10:19.050Z,single-mode-active,single,CM0,20.39,24,True,20.49,0,0,0,none,False,2527.63,0,NA,0,30,False,0,0
2026-10-06T18:10:26.421Z,single-mode-cancel,single,CM0,20.39,24,False,20.49,0,0,0,none,False,2527.63,0,NA,0,30,False,0,0
2026-10-06T18:10:32.055Z,single-mode-cancel,single,CM0,20.39,24,False,24,0,0,0,none,False,2527.63,0,NA,0,30,False,0,0
2026-10-06T18:10:37.685Z,single-mode-cancel,single,CM0,20.39,24,False,24,0,0,0,none,True,NA,0,NA,0,30,False,0,0
2026-10-06T18:10:45.164Z,single-mode-return-no-replay,single,CM0,20.39,24,False,24,0,0,0,none,True,NA,0,NA,0,30,False,0,0
2026-10-06T18:10:50.839Z,single-mode-return-no-replay,single,CM0,20.39,24,False,24,0,0,0,none,True,NA,0,NA,0,30,False,0,0
2026-10-06T18:10:56.423Z,single-mode-return-no-replay,single,CM0,20.39,24,False,24,0,0,0,none,True,2527.63,0,NA,0,30,False,0,0
2026-10-06T18:11:03.797Z,single-restart-baseline,single,CM0,20.39,18,False,24,0,0,0,none,True,2527.63,0,NA,0,30,False,0,0
2026-10-06T18:11:09.433Z,single-restart-baseline,single,CM0,20.39,18,False,18,0,0,0,none,True,2527.63,0,NA,0,30,False,0,0
2026-10-06T18:11:15.071Z,single-restart-baseline,single,CM0,20.39,18,False,18,5265.117,0,0,none,True,2527.63,0,NA,0,30,False,0,0
2026-10-06T18:11:22.433Z,single-restart-active,single,CM0,20.39,18,False,18,5265.117,0,0,none,True,2527.63,0,NA,0,30,False,0,0
2026-10-06T18:11:28.064Z,single-restart-active,single,CM0,20.39,24,True,20.49,5265.117,0,0,none,True,2527.63,0,NA,0,30,False,0,0
2026-10-06T18:11:33.698Z,single-restart-active,single,CM0,20.39,24,True,20.49,5265.117,0,0,none,True,2527.63,0,NA,0,30,False,0,0
2026-10-06T18:12:35.960Z,after-restart,single,CM0,NA,NA,False,NA,0,NA,0,none,False,NA,0,NA,0,30,False,0,0
2026-10-06T18:12:54.704Z,single-after-restart-refresh,single,CM98,20.39,24,False,24,0,NA,0,none,False,NA,0,NA,0,30,False,0,0
2026-10-06T18:13:00.332Z,single-after-restart-refresh,single,CM98,20.39,24,False,24,0,NA,0,none,False,NA,0,NA,0,30,False,0,0
2026-10-06T18:13:05.967Z,single-after-restart-refresh,single,CM0,20.39,24,False,24,0,NA,0,none,False,NA,0,NA,49.44,30,False,0,0
2026-10-06T18:13:11.597Z,single-after-restart-refresh,single,CM0,20.39,24,False,24,0,NA,0,none,False,NA,0,NA,49.44,30,False,0,0
2026-10-06T18:13:17.234Z,single-after-restart-refresh,single,CM0,20.39,24,False,24,0,NA,0,none,False,NA,0,NA,0,30,False,0,0
2026-10-06T18:13:22.861Z,single-after-restart-refresh,single,CM0,20.39,24,False,24,1170,0,0,none,False,NA,0,NA,0,30,False,0,0
2026-10-06T18:13:28.492Z,single-after-restart-refresh,single,CM0,20.39,24,False,24,1170,0,0,none,True,NA,0,NA,0,30,False,0,0
2026-10-06T18:14:01.468Z,single-before-final-duo-ota,single,CM0,20.39,24,False,24,2925.059,0,0,none,True,2527.63,0,NA,0,30,False,0,0
2026-10-06T18:14:02.791Z,idle-verification,single,CM0,20.39,24,False,24,2925.059,0,0,none,True,2527.63,0,NA,0,30,False,0,0
2026-10-06T18:15:25.639Z,duo-final-idle,duo,CM98,20.39,18,False,18,0,NA,0,none,False,NA,0,0,150.174,30,False,0,0
2026-10-06T18:15:31.285Z,duo-final-idle,duo,CM0,20.39,18,False,18,0,NA,0,none,False,NA,0,0,150.174,30,False,0,0
2026-10-06T18:15:36.906Z,duo-final-idle,duo,CM0,20.39,18,False,18,0,NA,0,none,False,NA,0,0,0,30,False,0,0
2026-10-06T18:15:42.534Z,duo-final-idle,duo,CM0,20.39,18,False,18,0,NA,0,none,False,NA,0,0,0,30,False,0,0
2026-10-06T18:16:08.952Z,idle-verification,duo,CM0,20.39,18,False,18,0,0,0,none,False,NA,0,0,0,30,False,0,0
